476	353	149	103	51	49	59	45	48	39	27	43	33	42	52	56	50	45	30	34	15	19	17	16	16	15	15	9	14	11	6	5	9	9	11	9	7	7	2	7	9	4	3	0	2	4	2	1	1	3	4	0	4	1	0	4	3	0	0	1	3	0	1	2	2	1	3	5	2	3	0	1	1	2	3	4	8	0	1	3	0	0	6	1	3	0	0	0	0	3	4	1	2	0	0	5	1	4	1	1	4	1	2	0	0	1	3	1	2	2	2	0	1	0	0	0	0	0	2	1	2	0	1	0	0	0	1	1	0	0	1	2	0	0	2	1	2	3	2	0	0	4	3	0	0	1
353	1068	373	196	97	102	99	63	79	84	64	52	71	62	71	84	70	53	37	40	29	24	26	30	18	36	15	18	19	16	13	8	9	8	11	9	15	6	9	4	4	7	4	2	3	6	3	6	4	2	1	2	2	2	5	2	4	2	2	2	3	2	3	0	2	0	6	4	4	2	3	3	2	6	4	3	9	6	5	3	3	4	3	2	6	2	2	3	1	3	2	7	5	0	2	6	7	5	3	0	4	1	0	1	2	3	2	0	0	2	2	0	2	2	0	1	0	1	3	2	0	0	0	3	2	1	2	2	1	3	1	3	2	4	4	2	4	2	1	2	3	2	0	0	2	2
149	373	864	376	167	100	146	65	71	76	63	60	48	70	82	69	77	57	45	34	25	20	19	38	13	15	11	15	7	17	9	10	15	24	13	12	8	6	8	5	4	5	2	4	5	2	4	4	2	3	4	0	3	2	3	2	6	3	1	3	2	3	5	3	5	1	6	5	2	3	0	6	0	6	5	3	3	2	4	5	5	3	3	1	3	0	1	4	2	2	1	1	3	1	2	6	3	4	3	1	7	3	5	3	4	1	3	0	1	2	2	1	2	3	2	1	2	2	1	2	1	0	0	0	0	4	0	0	0	1	1	3	1	3	4	1	6	0	3	0	1	0	1	2	2	1
103	196	376	772	328	137	113	84	98	55	85	55	76	64	75	83	64	48	34	43	25	26	18	21	15	24	24	9	13	20	16	12	15	12	18	6	6	11	9	6	10	12	3	4	2	1	3	6	2	5	5	2	4	4	7	4	4	1	1	5	5	1	6	3	5	3	8	14	1	2	2	6	4	3	7	5	5	2	4	1	5	3	3	2	0	4	1	0	2	2	1	2	1	1	2	1	7	7	3	0	1	4	1	4	8	1	2	1	0	3	1	1	2	1	2	3	0	5	3	5	2	1	1	1	2	1	2	0	3	3	1	0	6	1	0	4	1	2	0	0	2	4	2	2	3	3
51	97	167	328	632	240	166	69	106	68	67	55	58	63	78	66	45	49	23	34	33	12	22	16	32	41	18	17	27	16	18	4	12	10	24	14	9	7	7	7	2	5	11	3	0	3	1	7	6	2	4	3	6	7	7	5	3	1	3	2	6	3	5	3	6	3	12	6	1	1	2	2	4	2	4	1	4	1	3	1	3	1	0	1	1	5	1	3	1	3	3	0	2	1	0	3	5	2	3	2	3	7	1	2	3	1	1	1	2	2	2	2	2	1	2	2	3	1	0	3	0	0	1	1	3	1	2	3	3	1	1	1	1	2	1	6	0	1	3	0	1	0	0	2	0	2
49	102	100	137	240	562	301	119	91	86	83	72	85	79	72	67	57	44	33	26	20	18	26	16	17	19	26	21	16	16	15	14	13	17	7	14	6	9	10	3	5	3	4	5	4	2	3	3	3	4	5	2	0	2	7	2	4	6	3	5	3	4	3	0	7	7	3	3	2	4	1	2	1	7	5	1	1	4	1	3	0	5	1	1	3	0	7	2	9	1	2	5	3	2	2	1	6	2	3	0	0	1	1	2	1	2	4	1	0	0	0	0	0	1	1	3	0	2	2	1	3	0	0	3	0	0	0	5	1	0	3	1	1	3	1	2	3	4	1	1	3	0	1	1	4	2
59	99	146	113	166	301	1044	374	198	143	103	109	93	114	130	116	79	52	37	52	45	23	32	30	29	38	38	21	17	21	20	19	12	20	15	9	14	13	14	3	7	3	3	7	4	5	4	2	4	2	4	4	9	7	3	10	4	4	3	2	3	7	3	3	2	6	4	7	2	9	1	1	4	2	2	4	1	4	4	2	5	4	8	7	5	1	6	6	3	0	4	2	5	7	1	5	6	8	0	0	2	1	5	3	0	2	3	2	6	3	1	5	0	3	5	0	1	1	1	0	1	1	3	0	4	4	3	0	1	0	0	1	3	4	4	3	4	1	3	3	1	4	3	4	2	3
45	63	65	84	69	119	374	778	346	159	96	107	112	98	131	86	84	39	38	34	45	20	18	45	20	28	27	12	19	16	7	14	6	12	13	10	13	8	9	3	2	4	1	2	1	0	1	6	3	2	1	0	2	0	3	1	5	2	2	1	5	3	4	6	7	6	5	7	2	5	0	4	1	13	5	4	5	2	2	1	2	3	2	9	2	3	5	6	3	2	2	3	3	2	3	5	3	6	0	1	1	0	0	2	0	1	2	2	4	1	3	4	0	0	6	2	1	5	3	4	0	0	0	3	0	0	1	2	3	2	2	4	1	3	2	3	3	0	0	1	5	2	2	1	3	1
48	79	71	98	106	91	198	346	1114	482	205	145	171	126	112	88	101	77	44	50	39	20	23	38	25	50	28	18	30	21	15	10	9	15	10	13	12	13	9	3	7	6	6	3	3	6	5	4	3	3	6	5	5	3	3	1	4	2	3	2	6	6	5	9	9	5	8	4	2	17	2	3	3	5	4	2	4	5	3	1	5	1	2	6	8	3	3	4	3	3	7	4	3	5	4	4	4	6	5	2	0	3	2	0	0	1	4	1	2	2	3	0	4	2	4	1	3	4	2	3	0	3	3	1	0	1	0	0	0	0	1	1	4	5	2	5	1	1	3	0	3	2	2	1	4	2
39	84	76	55	68	86	143	159	482	904	369	190	157	121	114	84	85	59	47	48	35	13	28	21	25	29	29	24	7	29	10	14	10	13	25	10	12	11	5	6	6	2	4	4	6	6	1	3	3	4	3	2	3	8	5	3	3	5	2	4	4	0	5	6	13	8	3	7	4	2	1	2	1	6	8	3	3	2	2	4	3	9	8	5	1	3	4	2	6	5	5	2	0	3	6	5	5	5	5	2	0	0	3	5	3	3	3	7	0	1	3	0	1	2	2	4	1	3	0	4	0	0	4	1	4	2	2	4	0	0	0	1	2	1	5	0	6	2	5	0	1	4	4	0	1	3
27	64	63	85	67	83	103	96	205	369	704	309	181	119	120	79	78	49	49	36	32	20	14	19	23	36	27	25	21	13	26	10	12	16	12	12	20	15	7	4	8	3	11	3	6	2	2	4	5	5	3	2	0	5	4	5	0	5	5	10	6	2	4	5	5	6	5	7	0	2	3	3	4	6	6	5	5	4	4	2	4	0	3	2	1	1	0	1	3	2	0	4	2	0	2	2	5	6	1	2	1	1	3	2	5	3	3	1	2	1	2	1	1	1	2	6	5	1	3	2	0	2	2	2	2	0	2	1	3	2	2	3	5	1	0	3	3	4	0	2	1	3	2	2	2	1
43	52	60	55	55	72	109	107	145	190	309	706	356	185	146	99	86	55	35	48	31	17	20	50	24	28	36	13	17	16	19	20	8	14	11	14	7	14	9	3	5	6	4	6	1	6	4	3	4	5	5	4	0	1	3	5	5	2	6	5	12	6	2	5	10	6	4	6	6	0	2	3	3	3	7	4	2	3	11	1	1	2	5	0	3	2	3	3	4	0	5	4	5	6	3	3	2	5	2	4	4	4	1	2	3	0	1	4	5	1	2	1	4	3	4	7	1	1	2	1	0	1	0	6	1	1	6	2	1	3	1	4	6	0	2	2	2	0	1	2	5	1	1	0	3	1
33	71	48	76	58	85	93	112	171	157	181	356	768	351	196	105	83	51	47	39	51	24	28	42	25	31	39	18	19	19	16	10	17	12	15	15	3	16	15	3	7	3	7	4	10	5	7	2	1	0	2	2	2	3	8	6	4	4	3	8	5	6	2	4	3	2	2	5	4	10	1	3	5	5	6	1	3	5	3	0	7	1	4	2	0	2	4	4	5	5	2	1	4	5	3	1	3	6	1	3	1	3	1	1	2	2	3	0	1	0	1	3	0	3	1	3	2	4	6	5	4	0	1	0	1	2	1	1	1	3	2	2	1	2	2	1	1	1	1	0	6	0	1	4	1	0
42	62	70	64	63	79	114	98	126	121	119	185	351	702	451	153	95	43	54	51	43	20	24	28	21	30	22	22	24	17	18	11	15	10	16	17	14	3	4	8	7	9	1	2	1	6	6	1	3	5	2	4	1	3	2	2	4	4	0	6	8	3	5	1	6	8	8	4	6	3	2	1	4	2	6	3	2	2	2	1	6	0	7	8	7	8	5	3	7	1	5	6	4	5	2	5	4	2	1	0	1	2	3	3	4	1	2	1	4	1	2	2	2	3	1	1	1	0	6	1	2	1	0	1	1	4	1	4	1	0	1	2	2	2	2	3	0	2	3	0	0	3	3	0	3	0
52	71	82	75	78	72	130	131	112	114	120	146	196	451	1182	395	170	79	68	66	71	43	41	44	42	40	31	7	18	25	22	14	14	19	23	23	18	8	13	5	6	7	4	1	3	10	6	4	0	6	2	4	2	4	2	1	7	2	2	8	4	3	0	6	9	4	8	7	5	10	3	5	4	6	9	4	1	3	5	6	3	6	1	7	7	2	6	3	4	5	6	4	6	5	1	6	6	1	6	2	4	1	0	9	1	3	6	1	3	6	0	0	2	0	3	2	0	0	2	1	2	1	1	7	1	4	1	1	3	1	2	1	2	5	9	3	4	1	4	2	2	1	1	0	0	1
56	84	69	83	66	67	116	86	88	84	79	99	105	153	395	622	259	116	73	80	58	47	33	49	30	26	36	23	24	26	16	15	17	21	11	15	10	13	7	7	9	1	2	2	3	3	1	5	5	4	4	2	2	2	6	4	3	4	1	3	2	5	1	5	2	1	2	6	7	5	3	0	3	7	6	6	1	4	4	4	5	4	3	1	3	5	4	1	3	5	11	0	5	5	3	7	2	3	4	4	1	0	2	8	2	0	2	1	2	2	0	1	0	3	2	1	3	3	2	1	1	0	0	0	2	0	3	0	0	2	3	2	1	2	10	4	1	2	0	2	4	3	0	0	0	2
50	70	77	64	45	57	79	84	101	85	78	86	83	95	170	259	812	347	146	107	63	40	58	93	74	60	46	37	37	29	22	29	24	33	21	29	11	20	10	3	14	10	5	5	12	3	8	6	3	5	10	6	6	6	3	11	6	2	1	6	8	8	5	10	10	3	14	10	4	5	4	1	1	12	6	3	2	8	8	6	3	5	1	5	4	2	4	4	3	3	8	2	8	3	10	6	4	5	1	1	5	4	2	4	1	1	7	0	4	1	0	2	0	3	1	9	3	4	0	2	1	0	1	0	3	2	1	2	2	2	7	1	2	2	5	3	1	2	4	0	3	5	5	1	3	6
45	53	57	48	49	44	52	39	77	59	49	55	51	43	79	116	347	632	277	150	103	55	50	93	59	62	49	50	43	36	31	31	25	14	34	29	26	24	15	10	11	9	12	3	3	7	13	7	0	5	14	3	7	6	5	6	8	3	5	5	8	9	6	12	11	11	10	11	7	6	3	2	7	7	3	9	4	8	6	7	5	4	1	4	4	1	2	1	1	1	7	4	3	1	3	3	9	5	1	4	0	1	2	1	2	0	3	5	4	0	5	2	0	1	2	6	4	2	2	6	2	5	3	1	3	1	0	1	1	3	4	3	3	3	0	6	3	0	0	0	1	2	7	2	1	2
30	37	45	34	23	33	37	38	44	47	49	35	47	54	68	73	146	277	662	316	140	73	65	72	89	96	58	68	41	63	31	42	30	35	34	31	18	22	14	8	9	19	11	4	7	3	2	5	7	4	6	7	6	9	7	9	3	2	6	7	8	2	5	11	10	11	10	13	7	7	2	6	3	3	8	1	4	5	6	2	4	6	5	6	3	1	5	3	5	2	2	4	5	1	2	3	5	2	7	1	4	2	1	8	4	2	6	6	1	4	2	5	4	5	1	12	2	5	4	1	0	0	1	0	3	3	2	0	1	1	3	4	3	3	1	2	5	3	1	4	2	4	3	2	1	3
34	40	34	43	34	26	52	34	50	48	36	48	39	51	66	80	107	150	316	682	369	101	91	137	82	102	82	63	52	44	45	29	33	40	36	49	30	23	20	7	7	3	7	5	6	6	6	4	3	4	6	1	5	2	11	11	7	7	4	7	7	5	9	8	11	10	13	6	6	15	6	4	6	11	10	5	6	3	6	2	6	7	0	4	3	6	6	2	6	3	5	4	1	3	9	10	3	8	5	1	3	1	3	3	2	7	3	5	1	5	1	3	1	2	3	6	4	2	1	3	2	0	1	3	4	1	3	4	0	2	2	4	2	2	1	7	4	2	4	4	2	4	5	4	1	0
15	29	25	25	33	20	45	45	39	35	32	31	51	43	71	58	63	103	140	369	740	261	171	182	135	137	93	57	46	64	51	41	43	28	32	54	49	29	18	8	14	8	6	11	9	4	7	3	8	10	5	3	6	6	10	3	5	6	4	18	11	4	12	13	20	6	20	9	6	7	3	9	6	7	8	10	8	3	8	8	3	3	10	6	9	2	8	6	10	6	3	7	7	2	4	7	5	5	8	3	6	0	6	5	6	1	5	4	0	1	2	2	2	2	0	5	8	2	3	3	2	1	4	1	2	1	1	4	1	4	3	2	3	2	3	4	4	4	0	3	0	0	3	2	1	3
19	24	20	26	12	18	23	20	20	13	20	17	24	20	43	47	40	55	73	101	261	532	332	212	114	95	81	70	71	42	32	43	35	29	24	41	22	36	24	14	13	20	10	10	10	7	9	10	12	9	8	7	11	13	8	3	11	3	5	16	4	7	9	9	16	8	10	6	7	8	2	4	5	6	2	4	2	2	6	5	1	3	1	11	7	0	1	2	6	1	9	2	6	0	4	3	2	3	4	2	5	5	8	6	5	2	3	3	5	2	4	1	4	2	1	3	2	6	5	4	2	0	2	2	5	0	3	5	1	2	1	1	4	4	4	2	7	3	6	3	5	2	4	1	0	1
17	26	19	18	22	26	32	18	23	28	14	20	28	24	41	33	58	50	65	91	171	332	616	373	162	116	102	76	59	45	41	41	47	32	45	38	29	21	18	12	12	14	8	7	13	7	12	6	8	8	5	8	9	9	8	11	10	7	10	12	13	5	10	13	15	10	14	6	2	10	1	3	0	5	6	10	5	1	6	8	4	1	3	3	4	3	1	5	2	1	1	7	6	5	2	4	10	2	7	1	5	2	6	6	1	3	2	2	5	5	4	3	1	7	1	7	5	11	3	3	3	3	3	3	2	5	6	2	5	4	3	3	3	5	3	7	3	3	3	7	5	2	3	0	2	5
16	30	38	21	16	16	30	45	38	21	19	50	42	28	44	49	93	93	72	137	182	212	373	1054	372	229	140	85	78	68	52	43	40	32	44	45	34	37	18	19	17	13	15	13	16	4	13	13	13	2	7	9	4	10	12	7	13	6	18	16	13	4	13	16	17	13	18	11	12	10	7	10	8	6	10	5	8	4	11	10	7	4	6	3	5	4	9	4	5	5	3	8	4	4	8	5	7	7	4	2	8	5	4	7	7	3	8	1	6	3	2	1	1	4	2	14	6	2	4	9	5	1	1	5	2	3	1	5	4	1	3	3	4	1	8	6	5	0	2	4	4	2	12	3	5	2
16	18	13	15	32	17	29	20	25	25	23	24	25	21	42	30	74	59	89	82	135	114	162	372	744	320	164	104	106	60	73	48	35	36	52	48	35	35	22	15	23	19	12	12	7	8	6	1	11	7	8	3	7	8	15	16	10	4	6	19	7	12	14	14	27	12	18	13	9	3	2	10	4	11	20	3	7	6	4	8	6	10	4	3	5	4	4	4	2	3	3	5	3	3	1	3	3	4	5	1	4	4	11	13	8	3	7	8	1	5	6	2	4	6	3	1	4	2	3	1	3	3	3	7	5	2	4	5	3	2	6	3	2	5	2	2	4	5	2	8	1	4	1	1	2	0
15	36	15	24	41	19	38	28	50	29	36	28	31	30	40	26	60	62	96	102	137	95	116	229	320	1168	448	185	122	79	95	76	60	63	80	46	48	41	23	22	13	13	15	16	11	11	11	8	15	9	13	11	10	13	15	13	11	11	5	11	8	12	18	15	26	17	24	14	16	9	5	9	6	4	6	6	5	12	11	10	5	2	8	9	5	1	4	3	11	0	2	4	8	5	6	9	8	6	4	8	6	9	12	3	3	6	5	2	0	4	5	4	3	2	3	6	4	7	3	1	2	9	4	5	3	8	9	0	1	1	3	3	13	7	6	4	4	5	5	1	6	7	7	2	6	3
15	15	11	24	18	26	38	27	28	29	27	36	39	22	31	36	46	49	58	82	93	81	102	140	164	448	810	321	178	111	71	93	83	70	66	50	31	32	34	16	21	14	16	18	14	14	18	12	20	14	17	14	11	16	7	15	6	8	17	13	15	10	13	17	30	20	21	7	7	7	4	14	4	11	8	11	1	7	9	3	4	4	3	12	7	2	2	1	2	1	3	5	5	5	1	6	3	6	8	4	3	1	6	11	10	6	6	4	8	3	3	5	2	5	5	9	4	6	8	6	4	2	8	8	3	2	2	6	8	1	5	3	6	1	5	2	2	0	4	3	6	2	3	7	2	7
9	18	15	9	17	21	21	12	18	24	25	13	18	22	7	23	37	50	68	63	57	70	76	85	104	185	321	684	295	117	116	89	67	54	77	45	31	27	34	21	24	16	16	15	23	16	12	16	12	19	4	15	10	11	15	4	9	8	8	5	13	8	11	12	23	17	12	7	4	7	3	7	5	6	8	5	2	7	9	1	2	0	7	6	5	5	2	2	0	1	3	3	1	2	4	3	6	4	5	7	17	4	6	13	4	6	6	3	13	12	3	8	2	5	2	8	3	3	3	6	2	1	4	4	7	3	6	1	5	1	1	2	6	4	7	4	4	4	0	4	4	4	3	2	3	4
14	19	7	13	27	16	17	19	30	7	21	17	19	24	18	24	37	43	41	52	46	71	59	78	106	122	178	295	494	213	126	90	69	66	84	36	29	34	28	23	13	27	9	16	11	14	12	10	11	13	7	5	11	10	15	11	14	6	9	14	15	18	13	19	23	18	11	7	8	4	1	6	7	10	7	6	7	6	6	6	10	5	2	5	5	2	2	2	0	1	1	3	7	3	5	4	3	2	7	5	7	6	9	8	7	4	3	3	3	4	1	3	3	4	3	6	2	8	8	6	1	3	3	3	12	6	3	0	2	3	2	6	8	2	6	2	1	1	2	1	5	7	5	4	4	3
11	16	17	20	16	16	21	16	21	29	13	16	19	17	25	26	29	36	63	44	64	42	45	68	60	79	111	117	213	658	220	154	92	82	105	69	29	33	14	22	25	30	28	19	17	16	12	12	12	10	18	18	14	11	13	16	12	8	8	7	16	8	12	15	24	15	20	7	8	4	2	5	3	7	5	4	5	8	7	4	3	2	2	5	7	9	1	1	2	2	4	2	5	5	3	2	3	5	3	6	10	1	5	5	4	1	11	4	12	5	9	4	2	8	3	3	3	5	4	7	5	4	9	6	3	5	2	3	4	5	4	7	4	2	0	2	5	2	6	5	5	9	0	4	1	2
6	13	9	16	18	15	20	7	15	10	26	19	16	18	22	16	22	31	31	45	51	32	41	52	73	95	71	116	126	220	478	227	81	92	96	40	29	36	35	21	35	36	20	21	10	16	14	7	22	14	17	15	24	13	16	17	13	10	3	18	22	10	19	18	17	21	19	6	8	16	1	10	7	15	9	8	6	11	6	2	14	6	1	7	3	8	5	4	0	4	0	8	1	3	6	3	5	3	5	8	8	7	10	10	5	7	8	8	9	6	6	5	1	6	5	5	6	9	5	10	4	4	2	1	2	1	3	1	3	8	1	5	2	3	2	6	1	4	3	2	3	3	11	3	1	5
5	8	10	12	4	14	19	14	10	14	10	20	10	11	14	15	29	31	42	29	41	43	41	43	48	76	93	89	90	154	227	682	239	139	139	75	50	40	37	25	25	33	19	19	37	18	13	17	13	11	20	21	18	19	27	21	19	10	9	8	30	19	17	16	31	22	18	11	12	8	4	7	1	15	8	9	16	17	5	7	7	5	5	6	3	2	4	5	0	4	3	7	4	6	5	9	2	7	5	5	8	4	5	12	5	3	6	4	11	5	4	4	7	6	4	1	3	10	2	6	4	2	8	7	5	4	6	13	1	6	5	4	8	6	2	2	5	4	3	7	2	5	4	3	4	1
9	9	15	15	12	13	12	6	9	10	12	8	17	15	14	17	24	25	30	33	43	35	47	40	35	60	83	67	69	92	81	239	478	238	152	81	33	53	25	25	21	26	20	29	16	14	12	15	14	25	16	15	15	20	14	15	15	13	14	15	20	13	15	16	24	18	23	16	8	15	7	4	9	5	9	12	10	12	2	3	6	2	3	6	5	3	1	0	2	4	2	6	5	3	9	5	7	5	9	5	3	4	5	20	11	7	10	5	9	4	5	11	4	1	3	14	2	0	8	5	1	1	8	4	2	2	1	1	1	7	2	2	1	1	5	3	2	4	2	2	1	1	3	4	3	3
9	8	24	12	10	17	20	12	15	13	16	14	12	10	19	21	33	14	35	40	28	29	32	32	36	63	70	54	66	82	92	139	238	622	336	121	58	50	58	28	17	25	23	17	15	10	28	24	13	11	14	16	12	18	19	23	13	10	8	15	19	18	18	18	14	19	30	16	7	7	9	10	2	6	10	7	8	12	10	9	6	4	7	10	6	3	4	8	4	4	7	2	3	4	0	3	8	8	5	5	5	5	4	5	6	0	4	9	12	4	7	1	3	7	8	1	8	7	11	7	1	3	3	6	3	5	3	4	2	6	5	6	7	6	4	4	3	2	5	5	4	3	7	2	3	10
11	11	13	18	24	7	15	13	10	25	12	11	15	16	23	11	21	34	34	36	32	24	45	44	52	80	66	77	84	105	96	139	152	336	912	330	112	99	68	53	34	41	31	26	29	21	33	23	25	16	14	13	15	24	21	22	25	15	21	28	31	15	30	32	41	28	35	21	17	15	7	4	9	9	14	5	7	8	12	7	7	6	8	10	10	4	6	5	3	4	2	1	11	3	7	15	10	11	10	7	5	10	7	9	2	13	8	9	9	4	5	9	1	11	5	11	8	5	6	14	6	3	5	9	5	7	3	8	6	6	7	6	5	1	6	3	6	1	5	9	9	2	4	4	4	4
9	9	12	6	14	14	9	10	13	10	12	14	15	17	23	15	29	29	31	49	54	41	38	45	48	46	50	45	36	69	40	75	81	121	330	572	251	123	90	38	26	19	22	10	14	7	13	9	9	12	17	17	7	19	17	14	12	8	4	26	23	8	18	21	31	38	42	33	10	15	7	7	10	15	12	12	20	6	22	7	10	4	12	6	8	7	8	3	2	3	7	5	9	2	6	8	12	8	10	6	6	7	5	6	5	4	7	3	9	10	0	3	0	5	2	5	11	8	5	2	4	0	2	4	2	6	0	4	3	2	1	4	8	2	3	8	7	8	4	8	5	1	3	4	2	1
7	15	8	6	9	6	14	13	12	12	20	7	3	14	18	10	11	26	18	30	49	22	29	34	35	48	31	31	29	29	29	50	33	58	112	251	560	248	101	60	32	21	26	23	21	22	14	11	16	8	11	16	2	14	21	22	16	8	21	26	16	16	23	29	34	24	65	44	18	17	10	12	9	28	21	13	15	19	18	14	9	9	7	14	6	8	5	2	7	3	11	10	12	9	8	9	11	17	7	7	14	9	6	6	7	4	9	3	7	2	4	3	1	3	3	6	0	8	8	5	3	1	1	4	3	1	1	2	8	3	4	3	5	4	3	6	4	4	2	6	2	0	3	0	2	1
7	6	6	11	7	9	13	8	13	11	15	14	16	3	8	13	20	24	22	23	29	36	21	37	35	41	32	27	34	33	36	40	53	50	99	123	248	568	257	71	54	46	30	33	27	30	16	19	16	17	22	14	19	9	31	28	30	11	14	29	35	22	22	42	64	50	73	52	32	16	15	12	15	29	29	10	17	18	15	11	18	8	9	10	9	5	5	5	7	1	9	13	7	6	10	10	21	17	14	16	13	10	10	10	10	3	9	9	6	6	4	7	3	10	3	9	14	9	4	17	6	1	6	6	9	2	4	12	8	1	4	4	5	6	7	7	7	5	2	5	3	6	1	5	1	2
2	9	8	9	7	10	14	9	9	5	7	9	15	4	13	7	10	15	14	20	18	24	18	18	22	23	34	34	28	14	35	37	25	58	68	90	101	257	684	220	145	104	82	56	35	42	39	28	31	53	48	36	28	36	34	48	30	34	35	34	47	39	53	54	109	133	155	58	37	30	13	19	17	19	34	23	23	25	27	27	26	17	23	10	9	9	9	12	8	9	9	8	17	10	11	21	14	24	21	25	9	9	13	15	6	15	16	10	12	11	7	6	2	5	20	18	12	22	21	14	10	3	2	6	4	7	11	5	7	7	4	4	8	9	4	2	6	5	4	3	5	7	3	2	4	3
7	4	5	6	7	3	3	3	3	6	4	3	3	8	5	7	3	10	8	7	8	14	12	19	15	22	16	21	23	22	21	25	25	28	53	38	60	71	220	430	247	132	79	62	52	36	55	61	40	41	31	19	25	33	40	49	41	19	28	31	45	32	45	39	68	75	62	37	39	24	10	19	17	24	20	20	21	14	11	23	5	10	22	13	5	1	3	5	4	0	12	7	14	8	9	5	7	13	22	19	12	20	21	17	7	5	10	11	7	7	8	6	3	11	8	9	9	11	15	16	8	2	6	9	4	9	3	5	9	4	1	1	2	0	6	2	4	1	3	3	6	6	1	2	1	3
9	4	4	10	2	5	7	2	7	6	8	5	7	7	6	9	14	11	9	7	14	13	12	17	23	13	21	24	13	25	35	25	21	17	34	26	32	54	145	247	514	312	135	90	56	60	66	55	49	44	38	44	29	40	46	61	52	26	23	42	57	42	55	47	75	68	63	31	28	23	15	7	23	18	19	16	10	20	20	10	14	11	8	7	10	5	4	3	1	4	6	6	9	2	9	11	11	13	25	16	17	9	17	18	11	9	19	10	6	9	11	11	9	11	5	9	10	13	13	12	7	3	13	9	6	4	10	4	6	5	10	2	1	1	2	8	7	3	4	4	2	8	3	4	1	5
4	7	5	12	5	3	3	4	6	2	3	6	3	9	7	1	10	9	19	3	8	20	14	13	19	13	14	16	27	30	36	33	26	25	41	19	21	46	104	132	312	860	337	143	92	73	81	64	68	41	56	62	38	51	53	63	45	32	33	50	60	47	53	59	75	79	42	30	23	32	6	8	14	14	25	18	17	17	18	10	11	12	10	6	6	6	9	8	5	1	7	5	12	8	12	12	14	11	23	15	18	18	12	13	19	9	15	9	18	5	14	6	10	11	13	13	14	20	17	6	9	4	13	7	8	12	10	12	8	12	9	3	2	7	7	2	2	5	1	8	6	5	7	4	0	3
3	4	2	3	11	4	3	1	6	4	11	4	7	1	4	2	5	12	11	7	6	10	8	15	12	15	16	16	9	28	20	19	20	23	31	22	26	30	82	79	135	337	720	262	137	100	89	56	80	48	60	41	38	76	43	53	55	36	33	36	52	56	47	52	45	47	33	20	17	19	12	10	7	19	21	11	20	13	16	11	8	10	3	1	3	1	5	5	5	4	4	6	5	9	4	10	14	13	5	11	17	14	12	19	9	8	11	9	7	17	14	12	10	12	7	12	10	9	7	12	3	3	9	6	3	3	6	10	4	12	11	9	9	4	9	6	2	4	2	2	4	8	2	9	4	2
0	2	4	4	3	5	7	2	3	4	3	6	4	2	1	2	5	3	4	5	11	10	7	13	12	16	18	15	16	19	21	19	29	17	26	10	23	33	56	62	90	143	262	520	248	119	102	69	69	52	60	49	46	43	53	49	54	36	28	46	31	41	57	41	47	47	35	30	13	17	12	13	4	12	17	12	14	10	13	10	7	7	10	2	4	2	5	3	4	3	10	5	4	6	5	9	9	7	15	9	16	12	12	20	11	5	8	8	15	17	1	7	8	11	7	12	9	8	0	9	2	4	8	10	9	9	4	7	4	6	4	6	1	4	1	5	6	4	2	2	6	3	0	3	6	1
2	3	5	2	0	4	4	1	3	6	6	1	10	1	3	3	12	3	7	6	9	10	13	16	7	11	14	23	11	17	10	37	16	15	29	14	21	27	35	52	56	92	137	248	576	264	129	103	68	73	93	53	57	59	49	61	43	28	34	35	35	52	57	52	49	51	40	21	18	11	9	12	7	13	17	10	14	9	6	9	10	11	3	5	7	0	2	2	3	3	11	1	8	6	7	14	14	9	7	14	14	9	14	19	7	6	9	12	14	9	10	12	11	14	9	10	9	10	16	3	8	5	10	9	1	4	8	8	11	4	5	5	9	5	4	4	4	3	2	1	6	2	1	2	3	4
4	6	2	1	3	2	5	0	6	6	2	6	5	6	10	3	3	7	3	6	4	7	7	4	8	11	14	16	14	16	16	18	14	10	21	7	22	30	42	36	60	73	100	119	264	460	236	126	90	68	58	43	36	45	48	53	51	19	26	29	46	45	31	46	52	37	26	24	13	8	8	12	7	19	11	17	17	8	8	8	8	7	6	6	5	9	1	2	2	2	3	4	2	6	7	13	9	9	7	10	11	8	6	16	17	6	14	3	10	12	7	5	7	9	6	7	5	8	14	8	5	7	6	7	3	4	3	2	5	5	2	7	5	1	0	2	1	5	3	1	8	4	5	2	3	0
2	3	4	3	1	3	4	1	5	1	2	4	7	6	6	1	8	13	2	6	7	9	12	13	6	11	18	12	12	12	14	13	12	28	33	13	14	16	39	55	66	81	89	102	129	236	638	248	118	102	84	73	43	67	59	63	42	34	27	36	50	22	54	42	63	51	40	18	13	21	4	7	11	10	15	10	9	12	9	14	7	5	8	1	3	5	4	2	1	2	4	2	6	2	7	8	4	8	16	11	11	16	9	20	11	8	12	9	5	11	7	5	12	22	6	21	10	4	12	13	4	4	1	10	6	4	5	3	8	9	2	1	2	4	5	2	3	4	2	5	3	3	4	6	2	9
1	6	4	6	7	3	2	6	4	3	4	3	2	1	4	5	6	7	5	4	3	10	6	13	1	8	12	16	10	12	7	17	15	24	23	9	11	19	28	61	55	64	56	69	103	126	248	628	263	108	99	71	55	65	54	56	49	38	33	39	44	38	40	49	57	33	38	24	13	16	4	8	11	12	9	10	14	2	10	12	5	8	7	5	3	1	3	0	2	3	1	0	5	3	2	9	4	7	12	11	21	6	13	8	9	2	12	11	8	3	6	8	9	10	9	5	8	11	11	4	4	1	6	8	9	4	3	4	7	6	3	7	3	3	6	2	3	5	3	2	8	7	4	2	3	1
1	4	2	2	6	3	4	3	3	3	5	4	1	3	0	5	3	0	7	3	8	12	8	13	11	15	20	12	11	12	22	13	14	13	25	9	16	16	31	40	49	68	80	69	68	90	118	263	592	236	116	79	69	69	48	69	36	44	28	35	49	44	53	37	46	39	37	26	12	13	6	3	5	18	14	12	13	14	10	8	8	8	3	4	8	0	9	5	5	2	0	0	4	2	10	8	8	12	15	8	11	13	10	19	7	5	13	11	9	9	11	9	5	12	10	14	12	8	8	11	8	4	10	6	8	5	9	3	4	4	3	6	7	2	3	4	3	8	4	8	5	4	4	5	2	5
3	2	3	5	2	4	2	2	3	4	5	5	0	5	6	4	5	5	4	4	10	9	8	2	7	9	14	19	13	10	14	11	25	11	16	12	8	17	53	41	44	41	48	52	73	68	102	108	236	602	290	114	88	66	83	73	51	36	41	44	50	40	60	32	44	55	32	19	13	11	6	7	8	15	18	3	15	15	16	6	6	5	8	5	4	2	6	1	3	3	3	2	7	4	1	7	9	7	11	11	10	6	14	23	13	6	7	13	14	11	5	4	9	4	8	11	10	8	17	13	10	3	5	3	2	4	8	12	4	3	4	5	7	4	2	4	3	11	2	2	9	6	10	4	4	4
4	1	4	5	4	5	4	1	6	3	3	5	2	2	2	4	10	14	6	6	5	8	5	7	8	13	17	4	7	18	17	20	16	14	14	17	11	22	48	31	38	56	60	60	93	58	84	99	116	290	602	262	100	100	82	74	48	44	42	49	54	40	41	40	48	27	23	24	23	13	6	6	10	11	24	19	15	11	15	14	11	18	9	3	9	2	5	3	0	1	5	5	5	6	4	8	7	13	7	8	13	16	12	18	6	10	11	7	8	12	9	1	12	13	5	8	6	16	10	14	6	6	6	3	7	10	6	9	6	5	5	8	3	7	6	2	1	4	4	4	5	3	9	2	3	3
0	2	0	2	3	2	4	0	5	2	2	4	2	4	4	2	6	3	7	1	3	7	8	9	3	11	14	15	5	18	15	21	15	16	13	17	16	14	36	19	44	62	41	49	53	43	73	71	79	114	262	556	220	148	83	84	65	44	41	45	59	37	69	55	55	39	24	16	7	11	8	10	9	13	13	9	7	7	10	6	11	4	7	2	5	3	1	2	4	2	1	1	3	4	2	10	8	6	10	15	13	8	13	15	10	7	16	12	9	13	11	4	8	17	5	9	9	16	3	8	2	4	6	12	7	2	13	4	7	5	3	7	7	4	4	0	7	3	1	4	3	9	1	3	4	4
4	2	3	4	6	0	9	2	5	3	0	0	2	1	2	2	6	7	6	5	6	11	9	4	7	10	11	10	11	14	24	18	15	12	15	7	2	19	28	25	29	38	38	46	57	36	43	55	69	88	100	220	406	244	115	107	67	38	28	43	47	27	39	50	52	28	35	28	9	12	6	12	6	20	19	10	18	7	12	9	8	4	3	7	2	4	3	1	3	3	5	2	6	3	4	6	5	7	6	5	12	6	19	13	11	0	7	7	9	13	3	5	3	6	10	9	3	6	12	10	5	2	6	10	7	9	11	10	4	3	2	5	3	1	1	2	4	1	0	8	3	5	4	1	4	4
1	2	2	4	7	2	7	0	3	8	5	1	3	3	4	2	6	6	9	2	6	13	9	10	8	13	16	11	10	11	13	19	20	18	24	19	14	9	36	33	40	51	76	43	59	45	67	65	69	66	100	148	244	746	354	171	81	67	50	47	65	54	56	63	62	56	44	17	13	8	5	12	3	24	14	17	13	21	12	9	7	16	9	10	6	4	2	5	3	4	2	4	7	9	6	15	9	13	16	13	11	12	9	17	15	20	19	8	11	14	6	8	15	8	13	6	11	21	12	12	2	3	5	11	5	5	5	8	1	2	4	6	3	8	6	0	5	5	0	3	5	5	7	5	3	8
0	5	3	7	7	7	3	3	3	5	4	3	8	2	2	6	3	5	7	11	10	8	8	12	15	15	7	15	15	13	16	27	14	19	21	17	21	31	34	40	46	53	43	53	49	48	59	54	48	83	82	83	115	354	802	353	146	84	81	63	101	51	98	70	72	66	28	30	20	18	8	6	16	23	14	6	10	11	8	14	10	11	10	13	4	4	5	3	4	2	5	4	6	6	9	8	13	13	12	14	16	17	15	14	18	7	7	8	20	15	11	5	10	15	13	4	9	9	11	8	7	4	9	6	10	5	9	7	10	9	3	4	2	3	5	6	5	5	6	5	4	9	6	4	6	4
4	2	2	4	5	2	10	1	1	3	5	5	6	2	1	4	11	6	9	11	3	3	11	7	16	13	15	4	11	16	17	21	15	23	22	14	22	28	48	49	61	63	53	49	61	53	63	56	69	73	74	84	107	171	353	760	320	91	90	96	101	60	56	80	72	53	49	26	27	7	14	9	10	15	12	7	13	9	19	8	14	14	4	5	7	5	4	2	6	2	6	5	7	5	8	8	9	9	14	10	18	19	17	17	13	6	14	6	10	10	13	7	14	12	7	7	7	13	9	12	3	3	21	4	9	4	8	6	3	13	2	7	1	4	7	1	4	8	1	1	6	3	9	1	4	4
3	4	6	4	3	4	4	5	4	3	0	5	4	4	7	3	6	8	3	7	5	11	10	13	10	11	6	9	14	12	13	19	15	13	25	12	16	30	30	41	52	45	55	54	43	51	42	49	36	51	48	65	67	81	146	320	628	202	109	101	99	79	67	73	82	35	52	26	13	11	12	12	14	15	18	12	12	11	21	12	5	6	13	8	5	1	8	2	3	7	5	2	8	6	10	10	5	6	19	10	16	7	8	21	9	10	12	1	9	3	10	10	9	9	13	9	7	12	21	16	6	5	6	7	13	11	6	7	10	4	3	7	2	5	3	8	0	1	3	3	4	3	3	1	5	12
0	2	3	1	1	6	4	2	2	5	5	2	4	4	2	4	2	3	2	7	6	3	7	6	4	11	8	8	6	8	10	10	13	10	15	8	8	11	34	19	26	32	36	36	28	19	34	38	44	36	44	44	38	67	84	91	202	306	125	95	96	55	53	75	38	48	23	7	11	9	6	5	10	15	9	7	12	7	13	9	5	14	5	8	5	1	2	0	4	0	3	2	5	4	1	7	11	7	13	7	11	6	12	9	9	2	10	11	7	10	11	4	6	14	5	9	7	8	7	7	9	1	1	6	6	3	5	2	3	7	2	3	1	8	3	2	1	3	4	3	2	2	2	2	2	5
0	2	1	1	3	3	3	2	3	2	5	6	3	0	2	1	1	5	6	4	4	5	10	18	6	5	17	8	9	8	3	9	14	8	21	4	21	14	35	28	23	33	33	28	34	26	27	33	28	41	42	41	28	50	81	90	109	125	328	232	117	81	89	77	49	43	34	35	13	14	10	13	13	10	17	14	11	9	9	6	10	6	13	8	9	3	3	1	6	3	2	7	10	4	2	5	7	6	10	7	11	9	12	11	5	9	5	11	3	9	5	5	6	11	5	9	11	3	10	19	7	2	5	4	2	8	6	2	0	7	3	4	4	8	0	2	8	1	1	4	6	5	3	5	1	3
1	2	3	5	2	5	2	1	2	4	10	5	8	6	8	3	6	5	7	7	18	16	12	16	19	11	13	5	14	7	18	8	15	15	28	26	26	29	34	31	42	50	36	46	35	29	36	39	35	44	49	45	43	47	63	96	101	95	232	620	313	105	94	68	106	75	54	24	23	24	9	20	19	30	16	20	28	10	14	12	12	15	12	4	7	6	7	5	6	4	9	7	9	4	10	9	14	14	19	11	16	16	12	20	13	11	15	10	3	12	6	5	6	12	2	9	8	8	6	7	9	7	5	6	7	7	3	4	3	10	3	5	6	6	6	3	12	3	2	0	4	7	5	2	4	1
3	3	2	5	6	3	3	5	6	4	6	12	5	8	4	2	8	8	8	7	11	4	13	13	7	8	15	13	15	16	22	30	20	19	31	23	16	35	47	45	57	60	52	31	35	46	50	44	49	50	54	59	47	65	101	101	99	96	117	313	922	272	175	135	140	81	69	44	28	38	23	19	19	34	15	12	15	15	13	15	15	12	12	6	2	7	6	7	7	6	7	9	6	5	3	8	11	15	22	15	20	22	18	15	15	10	20	13	20	11	10	8	17	15	7	16	10	26	8	16	3	3	11	11	6	7	8	5	7	6	4	2	11	5	8	7	6	2	7	8	4	8	7	2	2	4
0	2	3	1	3	4	7	3	6	0	2	6	6	3	3	5	8	9	2	5	4	7	5	4	12	12	10	8	18	8	10	19	13	18	15	8	16	22	39	32	42	47	56	41	52	45	22	38	44	40	40	37	27	54	51	60	79	55	81	105	272	440	311	128	120	75	69	33	25	14	8	11	7	34	20	13	19	22	16	8	8	7	11	8	8	3	3	6	7	0	8	7	11	3	11	10	14	12	31	16	16	8	16	13	10	13	17	15	10	6	5	9	5	10	6	14	9	10	18	7	5	4	5	8	7	7	7	7	7	2	8	4	4	7	6	3	3	4	6	5	1	5	1	1	2	6
1	3	5	6	5	3	3	4	5	5	4	2	2	5	0	1	5	6	5	9	12	9	10	13	14	18	13	11	13	12	19	17	15	18	30	18	23	22	53	45	55	53	47	57	57	31	54	40	53	60	41	69	39	56	98	56	67	53	89	94	175	311	614	339	182	84	74	36	27	30	15	17	20	21	26	9	16	15	28	20	16	14	9	6	5	0	8	5	10	2	8	5	12	8	7	17	14	17	13	15	12	15	11	20	16	5	14	6	17	15	15	4	8	11	8	12	9	9	12	11	6	5	8	7	7	6	7	1	9	6	9	8	9	6	7	6	4	5	7	3	3	3	2	7	7	6
2	0	3	3	3	0	3	6	9	6	5	5	4	1	6	5	10	12	11	8	13	9	13	16	14	15	17	12	19	15	18	16	16	18	32	21	29	42	54	39	47	59	52	41	52	46	42	49	37	32	40	55	50	63	70	80	73	75	77	68	135	128	339	818	384	123	99	59	21	28	12	21	19	34	43	18	24	15	37	29	21	9	11	13	4	4	6	7	11	2	2	6	27	7	10	17	21	18	29	22	22	14	14	8	20	7	14	10	10	12	14	6	8	19	8	21	17	15	13	10	9	2	5	14	5	4	9	15	9	6	3	5	5	4	8	6	7	3	7	3	5	3	10	5	2	5
2	2	5	5	6	7	2	7	9	13	5	10	3	6	9	2	10	11	10	11	20	16	15	17	27	26	30	23	23	24	17	31	24	14	41	31	34	64	109	68	75	75	45	47	49	52	63	57	46	44	48	55	52	62	72	72	82	38	49	106	140	120	182	384	1126	336	181	79	50	53	21	29	22	55	35	32	42	29	27	31	20	13	27	17	14	14	6	8	6	13	9	11	18	15	11	13	33	24	26	15	24	29	18	11	8	10	18	8	13	13	9	4	11	12	8	25	12	10	14	9	5	5	13	5	10	5	11	7	8	4	7	10	9	7	3	4	7	8	5	6	5	8	13	4	2	12
1	0	1	3	3	7	6	6	5	8	6	6	2	8	4	1	3	11	11	10	6	8	10	13	12	17	20	17	18	15	21	22	18	19	28	38	24	50	133	75	68	79	47	47	51	37	51	33	39	55	27	39	28	56	66	53	35	48	43	75	81	75	84	123	336	648	212	86	36	34	20	30	22	24	33	20	20	28	31	30	17	18	13	18	12	8	10	9	7	10	9	10	10	6	11	20	18	17	36	12	15	8	21	16	12	10	9	12	11	14	6	6	4	11	10	16	15	11	12	15	11	6	3	4	6	1	2	14	5	1	4	6	4	7	3	4	3	2	2	2	7	5	6	6	2	4
3	6	6	8	12	3	4	5	8	3	5	4	2	8	8	2	14	10	10	13	20	10	14	18	18	24	21	12	11	20	19	18	23	30	35	42	65	73	155	62	63	42	33	35	40	26	40	38	37	32	23	24	35	44	28	49	52	23	34	54	69	69	74	99	181	212	810	449	108	87	42	41	57	79	90	40	56	51	67	48	35	36	34	35	22	12	21	20	17	9	24	17	21	26	28	22	37	50	46	15	24	20	23	11	19	18	18	7	19	21	6	7	7	9	6	19	11	27	11	17	8	9	9	6	10	12	6	5	3	6	2	6	2	8	9	12	7	5	8	7	7	4	7	3	5	4
5	4	5	14	6	3	7	7	4	7	7	6	5	4	7	6	10	11	13	6	9	6	6	11	13	14	7	7	7	7	6	11	16	16	21	33	44	52	58	37	31	30	20	30	21	24	18	24	26	19	24	16	28	17	30	26	26	7	35	24	44	33	36	59	79	86	449	884	366	149	87	78	89	130	114	115	78	83	94	78	48	57	55	26	30	16	19	17	18	18	14	19	34	17	36	24	67	69	59	32	36	11	26	14	17	20	27	13	13	22	12	6	9	15	8	28	29	22	21	21	13	1	4	8	7	4	4	7	5	3	0	7	2	14	9	8	7	6	5	9	3	2	13	1	9	7
2	4	2	1	1	2	2	2	2	4	0	6	4	6	5	7	4	7	7	6	6	7	2	12	9	16	7	4	8	8	8	12	8	7	17	10	18	32	37	39	28	23	17	13	18	13	13	13	12	13	23	7	9	13	20	27	13	11	13	23	28	25	27	21	50	36	108	366	592	308	98	101	81	163	135	80	103	97	79	60	46	40	46	30	17	15	24	13	16	10	15	18	34	25	18	30	44	89	63	27	23	25	19	31	12	16	28	7	13	22	10	11	13	24	10	25	11	36	19	9	2	9	5	5	4	9	7	2	4	4	5	5	9	1	11	7	8	4	5	3	7	8	8	4	2	2
3	2	3	2	1	4	9	5	17	2	2	0	10	3	10	5	5	6	7	15	7	8	10	10	3	9	7	7	4	4	16	8	15	7	15	15	17	16	30	24	23	32	19	17	11	8	21	16	13	11	13	11	12	8	18	7	11	9	14	24	38	14	30	28	53	34	87	149	308	604	178	114	95	125	119	99	83	69	85	49	47	39	40	34	17	18	17	6	17	17	14	18	17	15	27	31	53	40	56	31	19	22	20	19	16	23	20	13	14	12	13	8	15	16	11	23	20	22	7	15	13	5	4	6	2	10	3	6	7	5	9	8	7	4	6	20	6	4	6	1	4	6	8	2	1	3
0	3	0	2	2	1	1	0	2	1	3	2	1	2	3	3	4	3	2	6	3	2	1	7	2	5	4	3	1	2	1	4	7	9	7	7	10	15	13	10	15	6	12	12	9	8	4	4	6	6	6	8	6	5	8	14	12	6	10	9	23	8	15	12	21	20	42	87	98	178	276	123	67	102	69	45	47	41	46	24	14	25	27	18	7	12	12	11	7	8	13	18	21	10	23	16	29	29	22	11	11	5	18	7	2	8	12	9	3	4	5	2	6	10	7	6	8	4	11	13	8	5	5	4	6	6	6	5	3	7	2	4	6	6	4	5	4	6	5	4	6	8	5	4	4	14
1	3	6	6	2	2	1	4	3	2	3	3	3	1	5	0	1	2	6	4	9	4	3	10	10	9	14	7	6	5	10	7	4	10	4	7	12	12	19	19	7	8	10	13	12	12	7	8	3	7	6	10	12	12	6	9	12	5	13	20	19	11	17	21	29	30	41	78	101	114	123	322	156	153	108	58	55	42	46	34	34	36	26	10	19	21	22	10	7	13	16	20	21	20	15	19	24	37	27	19	11	14	6	12	9	13	15	3	16	11	6	5	6	10	8	13	3	19	4	10	3	5	5	10	8	2	9	6	4	3	7	6	6	3	8	4	4	5	2	5	5	8	8	1	2	9
1	2	0	4	4	1	4	1	3	1	4	3	5	4	4	3	1	7	3	6	6	5	0	8	4	6	4	5	7	3	7	1	9	2	9	10	9	15	17	17	23	14	7	4	7	7	11	11	5	8	10	9	6	3	16	10	14	10	13	19	19	7	20	19	22	22	57	89	81	95	67	156	386	315	168	77	64	48	57	32	25	30	32	14	23	11	23	10	21	6	12	17	21	14	10	18	20	24	30	11	14	12	18	4	8	11	15	8	7	11	6	8	10	12	7	13	5	11	12	12	6	8	3	3	3	1	4	3	1	6	4	4	6	4	5	5	4	4	3	3	0	3	10	3	6	4
2	6	6	3	2	7	2	13	5	6	6	3	5	2	6	7	12	7	3	11	7	6	5	6	11	4	11	6	10	7	15	15	5	6	9	15	28	29	19	24	18	14	19	12	13	19	10	12	18	15	11	13	20	24	23	15	15	15	10	30	34	34	21	34	55	24	79	130	163	125	102	153	315	1034	448	178	157	92	84	61	53	57	44	16	23	23	15	23	24	22	19	15	26	23	31	29	34	68	51	27	27	20	30	36	12	21	18	15	20	12	13	15	13	14	8	13	16	25	36	26	4	5	6	11	6	7	9	13	3	6	6	8	6	7	2	5	9	9	6	10	5	15	7	8	5	5
3	4	5	7	4	5	2	5	4	8	6	7	6	6	9	6	6	3	8	10	8	2	6	10	20	6	8	8	7	5	9	8	9	10	14	12	21	29	34	20	19	25	21	17	17	11	15	9	14	18	24	13	19	14	14	12	18	9	17	16	15	20	26	43	35	33	90	114	135	119	69	108	168	448	992	422	174	116	98	74	58	41	42	34	30	18	17	16	17	11	20	27	31	23	30	37	48	54	53	29	38	26	25	28	18	19	31	20	17	18	19	8	10	15	20	18	13	16	16	19	6	9	5	4	14	10	7	8	3	10	10	4	4	10	9	5	6	3	7	6	9	8	7	2	5	4
4	3	3	5	1	1	4	4	2	3	5	4	1	3	4	6	3	9	1	5	10	4	10	5	3	6	11	5	6	4	8	9	12	7	5	12	13	10	23	20	16	18	11	12	10	17	10	10	12	3	19	9	10	17	6	7	12	7	14	20	12	13	9	18	32	20	40	115	80	99	45	58	77	178	422	696	312	131	140	59	38	53	41	27	24	19	19	12	6	16	13	24	23	26	25	46	28	46	53	20	32	21	26	30	16	18	19	16	18	11	12	10	8	16	7	20	14	17	21	13	5	8	6	6	6	5	7	7	7	3	4	3	5	6	9	4	12	3	2	9	5	16	5	4	1	4
8	9	3	5	4	1	1	5	4	3	5	2	3	2	1	1	2	4	4	6	8	2	5	8	7	5	1	2	7	5	6	16	10	8	7	20	15	17	23	21	10	17	20	14	14	17	9	14	13	15	15	7	18	13	10	13	12	12	11	28	15	19	16	24	42	20	56	78	103	83	47	55	64	157	174	312	752	321	195	93	65	52	56	41	28	27	19	19	20	18	27	38	39	31	23	49	42	60	61	33	37	24	20	35	17	21	27	17	23	16	11	9	12	32	17	22	20	20	24	19	6	5	6	5	6	9	8	4	16	11	7	3	7	2	3	6	7	6	2	7	6	8	9	6	2	2
0	6	2	2	1	4	4	2	5	2	4	3	5	2	3	4	8	8	5	3	3	2	1	4	6	12	7	7	6	8	11	17	12	12	8	6	19	18	25	14	20	17	13	10	9	8	12	2	14	15	11	7	7	21	11	9	11	7	9	10	15	22	15	15	29	28	51	83	97	69	41	42	48	92	116	131	321	608	403	161	83	67	34	31	34	23	17	31	27	17	25	34	42	36	35	49	65	68	82	50	25	20	28	28	17	22	18	15	16	16	17	8	8	15	16	35	13	25	24	22	6	6	5	6	6	11	3	1	6	5	6	6	3	3	16	5	6	6	10	5	5	10	5	6	1	3
1	5	4	4	3	1	4	2	3	2	4	11	3	2	5	4	8	6	6	6	8	6	6	11	4	11	9	9	6	7	6	5	2	10	12	22	18	15	27	11	20	18	16	13	6	8	9	10	10	16	15	10	12	12	8	19	21	13	9	14	13	16	28	37	27	31	67	94	79	85	46	46	57	84	98	140	195	403	788	312	141	93	93	65	48	36	37	39	41	20	34	52	90	39	56	77	89	115	71	44	49	38	30	30	36	25	33	15	28	20	25	17	22	7	16	23	22	31	16	29	8	11	11	10	9	7	6	10	5	5	9	7	6	8	3	8	11	5	9	7	4	3	11	2	4	1
3	3	5	1	1	3	2	1	1	4	2	1	0	1	6	4	6	7	2	2	8	5	8	10	8	10	3	1	6	4	2	7	3	9	7	7	14	11	27	23	10	10	11	10	9	8	14	12	8	6	14	6	9	9	14	8	12	9	6	12	15	8	20	29	31	30	48	78	60	49	24	34	32	61	74	59	93	161	312	614	334	168	150	90	80	42	64	51	44	37	78	63	103	83	58	74	94	147	93	38	29	28	29	26	28	27	31	11	27	20	26	12	9	20	10	37	8	20	28	20	12	14	10	8	8	4	4	5	3	7	4	5	9	8	7	10	3	2	4	8	7	8	13	5	6	3
0	3	5	5	3	0	5	2	5	3	4	1	7	6	3	5	3	5	4	6	3	1	4	7	6	5	4	2	10	3	14	7	6	6	7	10	9	18	26	5	14	11	8	7	10	8	7	5	8	6	11	11	8	7	10	14	5	5	10	12	15	8	16	21	20	17	35	48	46	47	14	34	25	53	58	38	65	83	141	334	714	336	198	118	61	42	67	48	53	29	61	85	97	63	82	82	130	122	84	49	36	34	31	25	27	34	17	14	18	16	19	18	21	12	8	25	17	21	24	15	5	9	8	14	8	5	4	10	3	4	4	8	4	4	7	7	4	5	5	6	8	5	5	3	6	4
0	4	3	3	1	5	4	3	1	9	0	2	1	0	6	4	5	4	6	7	3	3	1	4	10	2	4	0	5	2	6	5	2	4	6	4	9	8	17	10	11	12	10	7	11	7	5	8	8	5	18	4	4	16	11	14	6	14	6	15	12	7	14	9	13	18	36	57	40	39	25	36	30	57	41	53	52	67	93	168	336	854	359	170	97	82	65	66	77	65	84	109	137	84	99	81	137	119	80	37	41	21	22	27	23	28	20	16	13	19	18	8	10	11	15	27	23	24	22	15	3	4	8	5	4	4	2	5	1	7	4	4	8	7	4	5	6	9	4	4	4	2	3	1	4	12
6	3	3	3	0	1	8	2	2	8	3	5	4	7	1	3	1	1	5	0	10	1	3	6	4	8	3	7	2	2	1	5	3	7	8	12	7	9	23	22	8	10	3	10	3	6	8	7	3	8	9	7	3	9	10	4	13	5	13	12	12	11	9	11	27	13	34	55	46	40	27	26	32	44	42	41	56	34	93	150	198	359	1090	600	230	136	228	180	143	103	147	198	265	128	151	128	209	198	105	33	29	15	23	27	20	30	23	17	25	20	14	11	7	12	17	33	21	19	27	19	9	3	9	7	6	6	4	9	6	5	4	5	7	5	9	7	9	7	5	6	6	5	4	1	2	8
1	2	1	2	1	1	7	9	6	5	2	0	2	8	7	1	5	4	6	4	6	11	3	3	3	9	12	6	5	5	7	6	6	10	10	6	14	10	10	13	7	6	1	2	5	6	1	5	4	5	3	2	7	10	13	5	8	8	8	4	6	8	6	13	17	18	35	26	30	34	18	10	14	16	34	27	41	31	65	90	118	170	600	1352	515	224	274	214	154	106	163	206	198	104	132	133	156	146	72	29	24	18	10	28	16	17	22	14	8	10	5	4	6	13	14	19	10	18	26	23	9	6	4	8	3	3	7	7	3	6	7	5	10	9	4	10	3	5	4	8	11	7	12	1	7	7
3	6	3	0	1	3	5	2	8	1	1	3	0	7	7	3	4	4	3	3	9	7	4	5	5	5	7	5	5	7	3	3	5	6	10	8	6	9	9	5	10	6	3	4	7	5	3	3	8	4	9	5	2	6	4	7	5	5	9	7	2	8	5	4	14	12	22	30	17	17	7	19	23	23	30	24	28	34	48	80	61	97	230	515	1208	461	321	216	126	107	156	158	175	87	108	92	145	116	30	16	16	11	9	18	9	13	20	10	13	5	9	2	6	2	4	16	10	13	22	18	5	7	3	10	7	4	4	1	3	3	1	3	3	7	8	7	1	3	5	11	3	4	4	0	0	3
0	2	0	4	5	0	1	3	3	3	1	2	2	8	2	5	2	1	1	6	2	0	3	4	4	1	2	5	2	9	8	2	3	3	4	7	8	5	9	1	5	6	1	2	0	9	5	1	0	2	2	3	4	4	4	5	1	1	3	6	7	3	0	4	14	8	12	16	15	18	12	21	11	23	18	19	27	23	36	42	42	82	136	224	461	826	353	157	98	67	126	110	127	77	70	59	93	75	41	20	13	14	10	24	10	11	8	11	6	9	6	4	4	2	13	7	8	3	12	14	2	3	1	0	6	2	7	0	3	6	5	3	11	3	7	7	3	4	6	1	4	0	1	4	6	1
0	2	1	1	1	7	6	5	3	4	0	3	4	5	6	4	4	2	5	6	8	1	1	9	4	4	2	2	2	1	5	4	1	4	6	8	5	5	9	3	4	9	5	5	2	1	4	3	9	6	5	1	3	2	5	4	8	2	3	7	6	3	8	6	6	10	21	19	24	17	12	22	23	15	17	19	19	17	37	64	67	65	228	274	321	353	1184	436	178	147	186	162	165	111	117	110	106	101	38	19	14	8	9	7	10	4	21	5	8	5	5	4	7	4	7	8	9	9	11	12	2	0	2	4	9	3	3	5	0	4	4	7	4	6	1	7	6	3	6	2	4	1	4	6	3	1
0	3	4	0	3	2	6	6	4	2	1	3	4	3	3	1	4	1	3	2	6	2	5	4	4	3	1	2	2	1	4	5	0	8	5	3	2	5	12	5	3	8	5	3	2	2	2	0	5	1	3	2	1	5	3	2	2	0	1	5	7	6	5	7	8	9	20	17	13	6	11	10	10	23	16	12	19	31	39	51	48	66	180	214	216	157	436	640	299	180	226	199	152	85	104	74	99	95	31	12	13	10	13	1	7	15	6	7	6	9	6	2	4	8	7	16	5	4	7	5	2	2	2	2	2	2	6	5	0	0	1	6	0	4	4	4	8	2	0	1	8	2	3	2	1	0
0	1	2	2	1	9	3	3	3	6	3	4	5	7	4	3	3	1	5	6	10	6	2	5	2	11	2	0	0	2	0	0	2	4	3	2	7	7	8	4	1	5	5	4	3	2	1	2	5	3	0	4	3	3	4	6	3	4	6	6	7	7	10	11	6	7	17	18	16	17	7	7	21	24	17	6	20	27	41	44	53	77	143	154	126	98	178	299	958	413	298	226	164	114	82	98	113	87	24	20	13	11	12	15	10	19	11	5	10	15	3	7	4	5	8	14	12	11	14	3	6	0	2	2	4	1	2	2	0	3	3	6	3	7	9	5	3	1	3	1	4	1	2	0	1	1
3	3	2	2	3	1	0	2	3	5	2	0	5	1	5	5	3	1	2	3	6	1	1	5	3	0	1	1	1	2	4	4	4	4	4	3	3	1	9	0	4	1	4	3	3	2	2	3	2	3	1	2	3	4	2	2	7	0	3	4	6	0	2	2	13	10	9	18	10	17	8	13	6	22	11	16	18	17	20	37	29	65	103	106	107	67	147	180	413	718	381	203	157	88	69	62	83	63	30	15	14	12	11	9	3	10	11	6	6	2	2	0	8	7	3	17	11	4	7	5	7	3	5	3	0	5	3	1	3	5	1	0	4	4	3	3	5	5	4	2	0	2	2	0	3	0
4	2	1	1	3	2	4	2	7	5	0	5	2	5	6	11	8	7	2	5	3	9	1	3	3	2	3	3	1	4	0	3	2	7	2	7	11	9	9	12	6	7	4	10	11	3	4	1	0	3	5	1	5	2	5	6	5	3	2	9	7	8	8	2	9	9	24	14	15	14	13	16	12	19	20	13	27	25	34	78	61	84	147	163	156	126	186	226	298	381	1192	504	225	103	114	122	126	95	36	15	17	23	16	11	20	12	19	13	6	5	18	4	1	3	6	15	13	13	13	5	8	3	5	3	4	6	4	3	5	2	6	2	1	3	4	3	3	2	8	3	2	6	4	0	2	3
1	7	1	2	0	5	2	3	4	2	4	4	1	6	4	0	2	4	4	4	7	2	7	8	5	4	5	3	3	2	8	7	6	2	1	5	10	13	8	7	6	5	6	5	1	4	2	0	0	2	5	1	2	4	4	5	2	2	7	7	9	7	5	6	11	10	17	19	18	18	18	20	17	15	27	24	38	34	52	63	85	109	198	206	158	110	162	199	226	203	504	1148	436	191	150	133	118	126	55	16	27	16	8	8	11	15	11	5	14	18	5	10	3	11	7	12	7	11	12	6	1	6	4	5	7	3	3	8	4	5	4	6	9	4	4	8	4	5	3	2	6	1	4	2	0	2
2	5	3	1	2	3	5	3	3	0	2	5	4	4	6	5	8	3	5	1	7	6	6	4	3	8	5	1	7	5	1	4	5	3	11	9	12	7	17	14	9	12	5	4	8	2	6	5	4	7	5	3	6	7	6	7	8	5	10	9	6	11	12	27	18	10	21	34	34	17	21	21	21	26	31	23	39	42	90	103	97	137	265	198	175	127	165	152	164	157	225	436	1218	425	289	244	264	196	71	24	30	24	18	22	14	12	11	9	13	11	15	10	9	19	12	19	11	9	18	11	6	3	10	8	8	2	8	3	3	6	3	2	11	3	11	9	11	6	2	3	2	4	5	3	1	1
0	0	1	1	1	2	7	2	5	3	0	6	5	5	5	5	3	1	1	3	2	0	5	4	3	5	5	2	3	5	3	6	3	4	3	2	9	6	10	8	2	8	9	6	6	6	2	3	2	4	6	4	3	9	6	5	6	4	4	4	5	3	8	7	15	6	26	17	25	15	10	20	14	23	23	26	31	36	39	83	63	84	128	104	87	77	111	85	114	88	103	191	425	876	422	216	214	116	48	20	17	21	19	18	13	19	15	10	7	10	7	4	5	7	12	11	19	18	14	5	10	3	2	2	4	3	5	1	4	2	5	1	2	8	8	5	4	4	8	5	2	0	0	3	4	3
0	2	2	2	0	2	1	3	4	6	2	3	3	2	1	3	10	3	2	9	4	4	2	8	1	6	1	4	5	3	6	5	9	0	7	6	8	10	11	9	9	12	4	5	7	7	7	2	10	1	4	2	4	6	9	8	10	1	2	10	3	11	7	10	11	11	28	36	18	27	23	15	10	31	30	25	23	35	56	58	82	99	151	132	108	70	117	104	82	69	114	150	289	422	1166	472	283	164	67	35	29	14	15	20	19	21	17	12	13	12	23	11	10	19	10	22	15	14	24	11	2	2	6	4	7	10	6	1	4	5	5	6	6	4	3	3	9	7	5	7	6	5	8	3	2	7
5	6	6	1	3	1	5	5	4	5	2	3	1	5	6	7	6	3	3	10	7	3	4	5	3	9	6	3	4	2	3	9	5	3	15	8	9	10	21	5	11	12	10	9	14	13	8	9	8	7	8	10	6	15	8	8	10	7	5	9	8	10	17	17	13	20	22	24	30	31	16	19	18	29	37	46	49	49	77	74	82	81	128	133	92	59	110	74	98	62	122	133	244	216	472	1356	725	185	87	57	35	18	38	32	20	26	21	24	19	22	11	14	22	17	8	28	6	15	25	14	11	4	7	10	12	6	8	4	6	6	1	6	14	3	7	7	6	4	7	8	3	7	6	6	4	2
1	7	3	7	5	6	6	3	4	5	5	2	3	4	6	2	4	9	5	3	5	2	10	7	3	8	3	6	3	3	5	2	7	8	10	12	11	21	14	7	11	14	14	9	14	9	4	4	8	9	7	8	5	9	13	9	5	11	7	14	11	14	14	21	33	18	37	67	44	53	29	24	20	34	48	28	42	65	89	94	130	137	209	156	145	93	106	99	113	83	126	118	264	214	283	725	1682	504	129	63	43	39	46	40	31	19	33	20	19	19	22	19	19	29	13	36	16	30	41	24	7	4	17	6	8	8	9	8	9	8	8	5	15	9	6	8	10	6	5	6	2	5	8	3	7	5
4	5	4	7	2	2	8	6	6	5	6	5	6	2	1	3	5	5	2	8	5	3	2	7	4	6	6	4	2	5	3	7	5	8	11	8	17	17	24	13	13	11	13	7	9	9	8	7	12	7	13	6	7	13	13	9	6	7	6	14	15	12	17	18	24	17	50	69	89	40	29	37	24	68	54	46	60	68	115	147	122	119	198	146	116	75	101	95	87	63	95	126	196	116	164	185	504	770	266	65	48	41	24	37	33	29	50	19	29	21	15	11	20	18	11	37	18	37	30	19	17	1	6	6	7	7	5	5	6	4	8	9	7	13	5	4	4	6	8	5	6	5	4	2	6	4
1	3	3	3	3	3	0	0	5	5	1	2	1	1	6	4	1	1	7	5	8	4	7	4	5	4	8	5	7	3	5	5	9	5	10	10	7	14	21	22	25	23	5	15	7	7	16	12	15	11	7	10	6	16	12	14	19	13	10	19	22	31	13	29	26	36	46	59	63	56	22	27	30	51	53	53	61	82	71	93	84	80	105	72	30	41	38	31	24	30	36	55	71	48	67	87	129	266	686	229	116	71	64	75	52	29	62	37	46	28	44	18	19	22	21	44	34	53	33	22	9	5	16	7	9	6	6	5	8	7	4	7	7	6	9	6	7	5	6	11	7	11	12	8	6	5
1	0	1	0	2	0	0	1	2	2	2	4	3	0	2	4	1	4	1	1	3	2	1	2	1	8	4	7	5	6	8	5	5	5	7	6	7	16	25	19	16	15	11	9	14	10	11	11	8	11	8	15	5	13	14	10	10	7	7	11	15	16	15	22	15	12	15	32	27	31	11	19	11	27	29	20	33	50	44	38	49	37	33	29	16	20	19	12	20	15	15	16	24	20	35	57	63	65	229	424	218	95	58	64	50	34	42	18	36	32	18	20	23	30	35	63	19	27	34	25	13	7	6	14	9	10	8	6	5	10	4	6	12	6	7	3	7	5	7	4	9	5	4	5	2	12
4	4	7	1	3	0	2	1	0	0	1	4	1	1	4	1	5	0	4	3	6	5	5	8	4	6	3	17	7	10	8	8	3	5	5	6	14	13	9	12	17	18	17	16	14	11	11	21	11	10	13	13	12	11	16	18	16	11	11	16	20	16	12	22	24	15	24	36	23	19	11	11	14	27	38	32	37	25	49	29	36	41	29	24	16	13	14	13	13	14	17	27	30	17	29	35	43	48	116	218	560	191	118	100	70	61	52	27	50	32	26	27	21	42	31	46	34	47	49	32	11	6	13	17	8	16	8	11	9	9	13	7	10	10	5	4	5	3	2	2	9	10	8	3	5	7
1	1	3	4	7	1	1	0	3	0	1	4	3	2	1	0	4	1	2	1	0	5	2	5	4	9	1	4	6	1	7	4	4	5	10	7	9	10	9	20	9	18	14	12	9	8	16	6	13	6	16	8	6	12	17	19	7	6	9	16	22	8	15	14	29	8	20	11	25	22	5	14	12	20	26	21	24	20	38	28	34	21	15	18	11	14	8	10	11	12	23	16	24	21	14	18	39	41	71	95	191	352	199	112	78	37	35	45	36	39	31	30	16	28	21	37	28	42	35	36	15	4	9	10	9	10	8	15	10	7	10	5	11	10	4	6	9	13	4	8	10	11	8	3	6	5
2	0	5	1	1	1	5	0	2	3	3	1	1	3	0	2	2	2	1	3	6	8	6	4	11	12	6	6	9	5	10	5	5	4	7	5	6	10	13	21	17	12	12	12	14	6	9	13	10	14	12	13	19	9	15	17	8	12	12	12	18	16	11	14	18	21	23	26	19	20	18	6	18	30	25	26	20	28	30	29	31	22	23	10	9	10	9	13	12	11	16	8	18	19	15	38	46	24	64	58	118	199	536	259	120	90	70	37	68	52	36	19	29	41	31	51	51	38	34	37	13	7	17	20	10	16	16	8	6	6	5	11	8	5	7	9	7	2	12	9	6	15	8	3	5	7
0	1	3	4	2	2	3	2	0	5	2	2	1	3	9	8	4	1	8	3	5	6	6	7	13	3	11	13	8	5	10	12	20	5	9	6	6	10	15	17	18	13	19	20	19	16	20	8	19	23	18	15	13	17	14	17	21	9	11	20	15	13	20	8	11	16	11	14	31	19	7	12	4	36	28	30	35	28	30	26	25	27	27	28	18	24	7	1	15	9	11	8	22	18	20	32	40	37	75	64	100	112	259	648	275	103	90	69	69	66	37	30	36	58	36	54	47	53	60	38	22	10	14	19	17	14	15	10	14	17	12	16	4	2	8	7	8	11	5	10	7	6	4	6	3	12
0	2	4	8	3	1	0	0	0	3	5	3	2	4	1	2	1	2	4	2	6	5	1	7	8	3	10	4	7	4	5	5	11	6	2	5	7	10	6	7	11	19	9	11	7	17	11	9	7	13	6	10	11	15	18	13	9	9	5	13	15	10	16	20	8	12	19	17	12	16	2	9	8	12	18	16	17	17	36	28	27	23	20	16	9	10	10	7	10	3	20	11	14	13	19	20	31	33	52	50	70	78	120	275	412	220	119	73	74	59	45	35	37	48	34	70	65	54	40	42	21	12	21	22	21	16	10	10	12	15	8	10	19	13	5	12	7	4	10	14	12	9	7	5	7	10
1	3	1	1	1	2	2	1	1	3	3	0	2	1	3	0	1	0	2	7	1	2	3	3	3	6	6	6	4	1	7	3	7	0	13	4	4	3	15	5	9	9	8	5	6	6	8	2	5	6	10	7	0	20	7	6	10	2	9	11	10	13	5	7	10	10	18	20	16	23	8	13	11	21	19	18	21	22	25	27	34	28	30	17	13	11	4	15	19	10	12	15	12	19	21	26	19	29	29	34	61	37	90	103	220	426	249	87	94	65	48	31	43	46	54	94	58	63	61	56	21	8	17	9	20	12	16	5	7	16	10	12	12	8	3	4	5	6	6	7	7	13	13	3	7	5
3	2	3	2	1	4	3	2	4	3	3	1	3	2	6	2	7	3	6	3	5	3	2	8	7	5	6	6	3	11	8	6	10	4	8	7	9	9	16	10	19	15	11	8	9	14	12	12	13	7	11	16	7	19	7	14	12	10	5	15	20	17	14	14	18	9	18	27	28	20	12	15	15	18	31	19	27	18	33	31	17	20	23	22	20	8	21	6	11	11	19	11	11	15	17	21	33	50	62	42	52	35	70	90	119	249	668	216	198	107	68	50	47	55	63	117	58	76	68	49	19	19	26	30	17	12	28	27	10	16	16	8	22	12	14	17	12	5	7	8	14	11	16	4	5	10
1	0	0	1	1	1	2	2	1	7	1	4	0	1	1	1	0	5	6	5	4	3	2	1	8	2	4	3	3	4	8	4	5	9	9	3	3	9	10	11	10	9	9	8	12	3	9	11	11	13	7	12	7	8	8	6	1	11	11	10	13	15	6	10	8	12	7	13	7	13	9	3	8	15	20	16	17	15	15	11	14	16	17	14	10	11	5	7	5	6	13	5	9	10	12	24	20	19	37	18	27	45	37	69	73	87	216	446	250	137	66	51	51	54	43	46	49	48	48	48	21	8	18	25	18	8	10	5	9	11	5	13	6	7	6	5	5	6	7	5	8	15	10	1	4	7
2	0	1	0	2	0	6	4	2	0	2	5	1	4	3	2	4	4	1	1	0	5	5	6	1	0	8	13	3	12	9	11	9	12	9	9	7	6	12	7	6	18	7	15	14	10	5	8	9	14	8	9	9	11	20	10	9	7	3	3	20	10	17	10	13	11	19	13	13	14	3	16	7	20	17	18	23	16	28	27	18	13	25	8	13	6	8	6	10	6	6	14	13	7	13	19	19	29	46	36	50	36	68	69	74	94	198	250	686	273	96	56	65	72	58	88	52	60	63	51	23	13	19	28	13	11	7	17	17	16	11	11	12	4	11	2	9	8	11	11	7	8	12	4	8	9
2	2	2	3	2	0	3	1	2	1	1	1	0	1	6	2	1	0	4	5	1	2	5	3	5	4	3	12	4	5	6	5	4	4	4	10	2	6	11	7	9	5	17	17	9	12	11	3	9	11	12	13	13	14	15	10	3	10	9	12	11	6	15	12	13	14	21	22	22	12	4	11	11	12	18	11	16	16	20	20	16	19	20	10	5	9	5	9	15	2	5	18	11	10	12	22	19	21	28	32	32	39	52	66	59	65	107	137	273	488	223	86	77	84	49	93	53	59	53	55	9	13	18	10	10	17	18	17	8	11	12	15	8	9	12	9	6	5	13	12	16	7	13	10	3	10
2	2	2	1	2	0	1	3	3	3	2	2	1	2	0	0	0	5	2	1	2	4	4	2	6	5	3	3	1	9	6	4	5	7	5	0	4	4	7	8	11	14	14	1	10	7	7	6	11	5	9	11	3	6	11	13	10	11	5	6	10	5	15	14	9	6	6	12	10	13	5	6	6	13	19	12	11	17	25	26	19	18	14	5	9	6	5	6	3	2	18	5	15	7	23	11	22	15	44	18	26	31	36	37	45	48	68	66	96	223	424	133	85	70	47	75	49	61	64	25	18	14	20	22	15	11	15	7	10	10	9	10	8	8	5	9	4	7	5	3	8	8	8	3	3	18
0	0	1	1	2	0	5	4	0	0	1	1	3	2	0	1	2	2	5	3	2	1	3	1	2	4	5	8	3	4	5	4	11	1	9	3	3	7	6	6	11	6	12	7	12	5	5	8	9	4	1	4	5	8	5	7	10	4	5	5	8	9	4	6	4	6	7	6	11	8	2	5	8	15	8	10	9	8	17	12	18	8	11	4	2	4	4	2	7	0	4	10	10	4	11	14	19	11	18	20	27	30	19	30	35	31	50	51	56	86	133	244	161	80	48	48	29	42	40	24	10	8	10	23	15	16	7	6	13	11	6	7	7	7	9	2	5	6	9	5	6	11	9	4	3	6
1	2	2	2	2	0	0	0	4	1	1	4	0	2	2	0	0	0	4	1	2	4	1	1	4	3	2	2	3	2	1	7	4	3	1	0	1	3	2	3	9	10	10	8	11	7	12	9	5	9	12	8	3	15	10	14	9	6	6	6	17	5	8	8	11	4	7	9	13	15	6	6	10	13	10	8	12	8	22	9	21	10	7	6	6	4	7	4	4	8	1	3	9	5	10	22	19	20	19	23	21	16	29	36	37	43	47	51	65	77	85	161	256	180	96	73	43	51	43	30	13	15	10	14	15	17	18	9	13	14	11	9	9	8	8	6	3	8	12	4	7	8	13	1	8	4
0	2	3	1	1	1	3	0	2	2	1	3	3	3	0	3	3	1	5	2	2	2	7	4	6	2	5	5	4	8	6	6	1	7	11	5	3	10	5	11	11	11	12	11	14	9	22	10	12	4	13	17	6	8	15	12	9	14	11	12	15	10	11	19	12	11	9	15	24	16	10	10	12	14	15	16	32	15	7	20	12	11	12	13	2	2	4	8	5	7	3	11	19	7	19	17	29	18	22	30	42	28	41	58	48	46	55	54	72	84	70	80	180	578	215	173	73	67	71	65	32	14	25	27	15	14	28	17	9	10	15	12	14	14	12	5	9	9	11	7	13	8	15	8	4	7
0	0	2	2	2	1	5	6	4	2	2	4	1	1	3	2	1	2	1	3	0	1	1	2	3	3	5	2	3	3	5	4	3	8	5	2	3	3	20	8	5	13	7	7	9	6	6	9	10	8	5	5	10	13	13	7	13	5	5	2	7	6	8	8	8	10	6	8	10	11	7	8	7	8	20	7	17	16	16	10	8	15	17	14	4	13	7	7	8	3	6	7	12	12	10	8	13	11	21	35	31	21	31	36	34	54	63	43	58	49	47	48	96	215	366	228	81	85	69	45	27	13	12	16	21	17	18	11	15	22	11	12	10	17	13	14	11	13	5	10	11	9	8	6	7	11
0	1	1	3	2	3	0	2	1	4	6	7	3	1	2	1	9	6	12	6	5	3	7	14	1	6	9	8	6	3	5	1	14	1	11	5	6	9	18	9	9	13	12	12	10	7	21	5	14	11	8	9	9	6	4	7	9	9	9	9	16	14	12	21	25	16	19	28	25	23	6	13	13	13	18	20	22	35	23	37	25	27	33	19	16	7	8	16	14	17	15	12	19	11	22	28	36	37	44	63	46	37	51	54	70	94	117	46	88	93	75	48	73	173	228	942	252	135	101	92	35	34	46	39	18	26	26	25	18	30	18	19	21	13	12	15	16	14	13	9	27	13	14	11	17	12
0	0	2	0	3	0	1	1	3	1	5	1	2	1	0	3	3	4	2	4	8	2	5	6	4	4	4	3	2	3	6	3	2	8	8	11	0	14	12	9	10	14	10	9	9	5	10	8	12	10	6	9	3	11	9	7	7	7	11	8	10	9	9	17	12	15	11	29	11	20	8	3	5	16	13	14	20	13	22	8	17	23	21	10	10	8	9	5	12	11	13	7	11	19	15	6	16	18	34	19	34	28	51	47	65	58	58	49	52	53	49	29	43	73	81	252	456	254	133	105	36	14	27	26	34	22	28	24	8	26	12	19	20	12	6	6	13	4	14	5	16	19	9	6	3	6
0	1	2	5	1	2	1	5	4	3	1	1	4	0	0	3	4	2	5	2	2	6	11	2	2	7	6	3	8	5	9	10	0	7	5	8	8	9	22	11	13	20	9	8	10	8	4	11	8	8	16	16	6	21	9	13	12	8	3	8	26	10	9	15	10	11	27	22	36	22	4	19	11	25	16	17	20	25	31	20	21	24	19	18	13	3	9	4	11	4	13	11	9	18	14	15	30	37	53	27	47	42	38	53	54	63	76	48	60	59	61	42	51	67	85	135	254	644	302	179	56	23	35	36	34	38	32	30	19	35	12	17	20	9	20	17	16	11	9	12	16	18	21	8	11	8
2	3	1	3	0	2	1	3	2	0	3	2	6	6	2	2	0	2	4	1	3	5	3	4	3	3	8	3	8	4	5	2	8	11	6	5	8	4	21	15	13	17	7	0	16	14	12	11	8	17	10	3	12	12	11	9	21	7	10	6	8	18	12	13	14	12	11	21	19	7	11	4	12	36	16	21	24	24	16	28	24	22	27	26	22	12	11	7	14	7	13	12	18	14	24	25	41	30	33	34	49	35	34	60	40	61	68	48	63	53	64	40	43	71	69	101	133	302	892	380	81	34	54	67	24	38	40	41	25	32	17	15	34	21	20	19	29	14	17	25	14	31	29	19	13	10
1	2	2	5	3	1	0	4	3	4	2	1	5	1	1	1	2	6	1	3	3	4	3	9	1	1	6	6	6	7	10	6	5	7	14	2	5	17	14	16	12	6	12	9	3	8	13	4	11	13	14	8	10	12	8	12	16	7	19	7	16	7	11	10	9	15	17	21	9	15	13	10	12	26	19	13	19	22	29	20	15	15	19	23	18	14	12	5	3	5	5	6	11	5	11	14	24	19	22	25	32	36	37	38	42	56	49	48	51	55	25	24	30	65	45	92	105	179	380	802	233	74	73	65	66	42	48	49	23	38	21	26	28	19	16	23	17	10	14	19	18	27	17	13	13	18
2	0	1	2	0	3	1	0	0	0	0	0	4	2	2	1	1	2	0	2	2	2	3	5	3	2	4	2	1	5	4	4	1	1	6	4	3	6	10	8	7	9	3	2	8	5	4	4	8	10	6	2	5	2	7	3	6	9	7	9	3	5	6	9	5	11	8	13	2	13	8	3	6	4	6	5	6	6	8	12	5	3	9	9	5	2	2	2	6	7	8	1	6	10	2	11	7	17	9	13	11	15	13	22	21	21	19	21	23	9	18	10	13	32	27	35	36	56	81	233	242	58	83	52	43	27	30	32	9	23	10	21	14	11	10	14	11	8	9	11	15	10	16	8	7	17
0	0	0	1	0	0	1	0	3	0	2	1	0	1	1	0	0	5	0	0	1	0	3	1	3	9	2	1	3	4	4	2	1	3	3	0	1	1	3	2	3	4	3	4	5	7	4	1	4	3	6	4	2	3	4	3	5	1	2	7	3	4	5	2	5	6	9	1	9	5	5	5	8	5	9	8	5	6	11	14	9	4	3	6	7	3	0	2	0	3	3	6	3	3	2	4	4	1	5	7	6	4	7	10	12	8	19	8	13	13	14	8	15	14	13	34	14	23	34	74	58	116	74	40	31	26	23	29	10	11	10	13	15	9	10	7	10	14	11	12	13	17	12	6	7	9
1	0	0	1	1	0	3	0	3	4	2	0	1	0	1	0	1	3	1	1	4	2	3	1	3	4	8	4	3	9	2	8	8	3	5	2	1	6	2	6	13	13	9	8	10	6	1	6	10	5	6	6	6	5	9	21	6	1	5	5	11	5	8	5	13	3	9	4	5	4	5	5	3	6	5	6	6	5	11	10	8	8	9	4	3	1	2	2	2	5	5	4	10	2	6	7	17	6	16	6	13	9	17	14	21	17	26	18	19	18	20	10	10	25	12	46	27	35	54	73	83	74	356	209	91	83	67	56	32	32	30	35	38	26	22	25	24	22	33	41	26	47	37	13	8	18
0	3	0	1	1	3	0	3	1	1	2	6	0	1	7	0	0	1	0	3	1	2	3	5	7	5	8	4	3	6	1	7	4	6	9	4	4	6	6	9	9	7	6	10	9	7	10	8	6	3	3	12	10	11	6	4	7	6	4	6	11	8	7	14	5	4	6	8	5	6	4	10	3	11	4	6	5	6	10	8	14	5	7	8	10	0	4	2	2	3	3	5	8	2	4	10	6	6	7	14	17	10	20	19	22	9	30	25	28	10	22	23	14	27	16	39	26	36	67	65	52	40	209	434	232	91	59	61	32	36	53	32	35	49	24	33	41	32	34	23	51	40	47	28	17	16
0	2	0	2	3	0	4	0	0	4	2	1	1	1	1	2	3	3	3	4	2	5	2	2	5	3	3	7	12	3	2	5	2	3	5	2	3	9	4	4	6	8	3	9	1	3	6	9	8	2	7	7	7	5	10	9	13	6	2	7	6	7	7	5	10	6	10	7	4	2	6	8	3	6	14	6	6	6	9	8	8	4	6	3	7	6	9	2	4	0	4	7	8	4	7	12	8	7	9	9	8	9	10	17	21	20	17	18	13	10	15	15	15	15	21	18	34	34	24	66	43	31	91	232	458	218	98	83	63	52	38	47	37	41	26	29	21	24	38	25	37	44	43	19	21	20
0	1	4	1	1	0	4	0	1	2	0	1	2	4	4	0	2	1	3	1	1	0	5	3	2	8	2	3	6	5	1	4	2	5	7	6	1	2	7	9	4	12	3	9	4	4	4	4	5	4	10	2	9	5	5	4	11	3	8	7	7	7	6	4	5	1	12	4	9	10	6	2	1	7	10	5	9	11	7	4	5	4	6	3	4	2	3	2	1	5	6	3	2	3	10	6	8	7	6	10	16	10	16	14	16	12	12	8	11	17	11	16	17	14	17	26	22	38	38	42	27	26	83	91	218	500	173	85	55	55	51	53	31	32	26	18	38	14	24	31	27	51	31	21	16	26
1	2	0	2	2	0	3	1	0	2	2	6	1	1	1	3	1	0	2	3	1	3	6	1	4	9	2	6	3	2	3	6	1	3	3	0	1	4	11	3	10	10	6	4	8	3	5	3	9	8	6	13	11	5	9	8	6	5	6	3	8	7	7	9	11	2	6	4	7	3	6	9	4	9	7	7	8	3	6	4	4	2	4	7	4	7	3	6	2	3	4	3	8	5	6	8	9	5	6	8	8	8	16	15	10	16	28	10	7	18	15	7	18	28	18	26	28	32	40	48	30	23	67	59	98	173	602	245	100	74	43	52	74	45	37	38	45	38	37	57	52	89	48	27	24	32
1	2	0	0	3	5	0	2	0	4	1	2	1	4	1	0	2	1	0	4	4	5	2	5	5	0	6	1	0	3	1	13	1	4	8	4	2	12	5	5	4	12	10	7	8	2	3	4	3	12	9	4	10	8	7	6	7	2	2	4	5	7	1	15	7	14	5	7	2	6	5	6	3	13	8	7	4	1	10	5	10	5	9	7	1	0	5	5	2	1	3	8	3	1	1	4	8	5	5	6	11	15	8	10	10	5	27	5	17	17	7	6	9	17	11	25	24	30	41	49	32	29	56	61	83	85	245	508	191	128	72	66	61	46	39	31	37	50	34	49	72	82	53	27	26	19
0	1	0	3	3	1	1	3	0	0	3	1	1	1	3	0	2	1	1	0	1	1	5	4	3	1	8	5	2	4	3	1	1	2	6	3	8	8	7	9	6	8	4	4	11	5	8	7	4	4	6	7	4	1	10	3	10	3	0	3	7	7	9	9	8	5	3	5	4	7	3	4	1	3	3	7	16	6	5	3	3	1	6	3	3	3	0	0	0	3	5	4	3	4	4	6	9	6	8	5	9	10	6	14	12	7	10	9	17	8	10	13	13	9	15	18	8	19	25	23	9	10	32	32	63	55	100	191	390	227	74	68	62	55	37	34	39	36	37	27	35	42	35	24	18	14
0	3	1	3	1	0	0	2	0	0	2	3	3	0	1	2	2	3	1	2	4	2	4	1	2	1	1	1	3	5	8	6	7	6	6	2	3	1	7	4	5	12	12	6	4	5	9	6	4	3	5	5	3	2	9	13	4	7	7	10	6	2	6	6	4	1	6	3	4	5	7	3	6	6	10	3	11	5	5	7	4	7	5	6	3	6	4	0	3	5	2	5	6	2	5	6	8	4	7	10	9	7	6	17	15	16	16	11	16	11	10	11	14	10	22	30	26	35	32	38	23	11	32	36	52	55	74	128	227	594	199	132	93	67	63	43	54	46	32	57	44	47	46	30	16	29
1	1	1	1	1	3	0	2	1	0	2	1	2	1	2	3	7	4	3	2	3	1	3	3	6	3	5	1	2	4	1	5	2	5	7	1	4	4	4	1	10	9	11	4	5	2	2	3	3	4	5	3	2	4	3	2	3	2	3	3	4	8	9	3	7	4	2	0	5	9	2	7	4	6	10	4	7	6	9	4	4	4	4	7	1	5	4	1	3	1	6	4	3	5	5	1	8	8	4	4	13	10	5	12	8	10	16	5	11	12	9	6	11	15	11	18	12	12	17	21	10	10	30	53	38	51	43	72	74	199	440	215	122	77	51	47	44	33	32	43	40	46	30	25	19	25
2	3	3	0	1	1	1	4	1	1	3	4	2	2	1	2	1	3	4	4	2	1	3	3	3	3	3	2	6	7	5	4	2	6	6	4	3	4	4	1	2	3	9	6	5	7	1	7	6	5	8	7	5	6	4	7	7	3	4	5	2	4	8	5	10	6	6	7	5	8	4	6	4	8	4	3	3	6	7	5	8	4	5	5	3	3	7	6	6	0	2	6	2	1	6	6	5	9	7	6	7	5	11	16	10	12	8	13	11	15	10	7	9	12	12	19	19	17	15	26	21	13	35	32	47	53	52	66	68	132	215	602	364	130	105	68	68	54	56	52	68	67	46	22	21	21
0	2	1	6	1	1	3	1	4	2	5	6	1	2	2	1	2	3	3	2	3	4	3	4	2	13	6	6	8	4	2	8	1	7	5	8	5	5	8	2	1	2	9	1	9	5	2	3	7	7	3	7	3	3	2	1	2	1	4	6	11	4	9	5	9	4	2	2	9	7	6	6	6	6	4	5	7	3	6	9	4	8	7	10	3	11	4	0	3	4	1	9	11	2	6	14	15	7	7	12	10	11	8	4	19	12	22	6	12	8	8	7	9	14	10	21	20	20	34	28	14	15	38	35	37	31	74	61	62	93	122	364	750	381	208	166	110	72	82	82	56	71	89	30	32	36
0	4	3	1	2	3	4	3	5	1	1	0	2	2	5	2	2	3	3	2	2	4	5	1	5	7	1	4	2	2	3	6	1	6	1	2	4	6	9	0	1	7	4	4	5	1	4	3	2	4	7	4	1	8	3	4	5	8	8	6	5	7	6	4	7	7	8	14	1	4	6	3	4	7	10	6	2	3	8	8	4	7	5	9	7	3	6	4	7	4	3	4	3	8	4	3	9	13	6	6	10	10	5	2	13	8	12	7	4	9	8	7	8	14	17	13	12	9	21	19	11	9	26	49	41	32	45	46	55	67	77	130	381	768	315	183	135	82	71	77	88	72	55	21	39	22
2	4	4	0	1	1	4	2	2	5	0	2	2	2	9	10	5	0	1	1	3	4	3	8	2	6	5	7	6	0	2	2	5	4	6	3	3	7	4	6	2	7	9	1	4	0	5	6	3	2	6	4	1	6	5	7	3	3	0	6	8	6	7	8	3	3	9	9	11	6	4	8	5	2	9	9	3	16	3	7	7	4	9	4	8	7	1	4	9	3	4	4	11	8	3	7	6	5	9	7	5	4	7	8	5	3	14	6	11	12	5	9	8	12	13	12	6	20	20	16	10	10	22	24	26	26	37	39	37	63	51	105	208	315	824	349	144	110	73	55	66	82	54	27	30	28
1	2	1	4	6	2	3	3	5	0	3	2	1	3	3	4	3	6	2	7	4	2	7	6	2	4	2	4	2	2	6	2	3	4	3	8	6	7	2	2	8	2	6	5	4	2	2	2	4	4	2	0	2	0	6	1	8	2	2	3	7	3	6	6	4	4	12	8	7	20	5	4	5	5	5	4	6	5	8	10	7	5	7	10	7	7	7	4	5	3	3	8	9	5	3	7	8	4	6	3	4	6	9	7	12	4	17	5	2	9	9	2	6	5	14	15	6	17	19	23	14	7	25	33	29	18	38	31	34	43	47	68	166	183	349	662	311	104	86	112	89	84	70	23	25	21
2	4	6	1	0	3	4	3	1	6	3	2	1	0	4	1	1	3	5	4	4	7	3	5	4	4	2	4	1	5	1	5	2	3	6	7	4	7	6	4	7	2	2	6	4	1	3	3	3	3	1	7	4	5	5	4	0	1	8	12	6	3	4	7	7	3	7	7	8	6	4	4	4	9	6	12	7	6	11	3	4	6	9	3	1	3	6	8	3	5	3	4	11	4	9	6	10	4	7	7	5	9	7	8	7	5	12	5	9	6	4	5	3	9	11	16	13	16	29	17	11	10	24	41	21	38	45	37	39	54	44	68	110	135	144	311	822	267	155	189	158	168	142	40	37	44
3	2	0	2	1	4	1	0	1	2	4	0	1	2	1	2	2	0	3	2	4	3	3	0	5	5	0	4	1	2	4	4	4	2	1	8	4	5	5	1	3	5	4	4	3	5	4	5	8	11	4	3	1	5	5	8	1	3	1	3	2	4	5	3	8	2	5	6	4	4	6	5	4	9	3	3	6	6	5	2	5	9	7	5	3	4	3	2	1	5	2	5	6	4	7	4	6	6	5	5	3	13	2	11	4	6	5	6	8	5	7	6	8	9	13	14	4	11	14	10	8	14	22	32	24	14	38	50	36	46	33	54	72	82	110	104	267	574	238	176	130	160	101	32	29	35
2	1	3	0	3	1	3	0	3	5	0	1	1	3	4	0	4	0	1	4	0	6	3	2	2	5	4	0	2	6	3	3	2	5	5	4	2	2	4	3	4	1	2	2	2	3	2	3	4	2	4	1	0	0	6	1	3	4	1	2	7	6	7	7	5	2	8	5	5	6	5	2	3	6	7	2	2	10	9	4	5	4	5	4	5	6	6	0	3	4	8	3	2	8	5	7	5	8	6	7	2	4	12	5	10	6	7	7	11	13	5	9	12	11	5	13	14	9	17	14	9	11	33	34	38	24	37	34	37	32	32	56	82	71	73	86	155	238	554	238	142	136	103	36	28	22
0	2	0	0	0	1	3	1	0	0	2	2	0	0	2	2	0	0	4	4	3	3	7	4	8	1	3	4	1	5	2	7	2	5	9	8	6	5	3	3	4	8	2	2	1	1	5	2	8	2	4	4	8	3	5	1	3	3	4	0	8	5	3	3	6	2	7	9	3	1	4	5	3	10	6	9	7	5	7	8	6	4	6	8	11	1	2	1	1	2	3	2	3	5	7	8	6	5	11	4	2	8	9	10	14	7	8	5	11	12	3	5	4	7	10	9	5	12	25	19	11	12	41	23	25	31	57	49	27	57	43	52	82	77	55	112	189	176	238	626	327	188	101	55	28	42
0	3	1	2	1	3	1	5	3	1	1	5	6	0	2	4	3	1	2	2	0	5	5	4	1	6	6	4	5	5	3	2	1	4	9	5	2	3	5	6	2	6	4	6	6	8	3	8	5	9	5	3	3	5	4	6	4	2	6	4	4	1	3	5	5	7	7	3	7	4	6	5	0	5	9	5	6	5	4	7	8	4	6	11	3	4	4	8	4	0	2	6	2	2	6	3	2	6	7	9	9	10	6	7	12	7	14	8	7	16	8	6	7	13	11	27	16	16	14	18	15	13	26	51	37	27	52	72	35	44	40	68	56	88	66	89	158	130	142	327	732	370	156	80	41	52
4	2	0	4	0	0	4	2	2	4	3	1	0	3	1	3	5	2	4	4	0	2	2	2	4	7	2	4	7	9	3	5	1	3	2	1	0	6	7	6	8	5	8	3	2	4	3	7	4	6	3	9	5	5	9	3	3	2	5	7	8	5	3	3	8	5	4	2	8	6	8	8	3	15	8	16	8	10	3	8	5	2	5	7	4	0	1	2	1	2	6	1	4	0	5	7	5	5	11	5	10	11	15	6	9	13	11	15	8	7	8	11	8	8	9	13	19	18	31	27	10	17	47	40	44	51	89	82	42	47	46	67	71	72	82	84	168	160	136	188	370	968	334	98	62	65
3	0	1	2	0	1	3	2	2	4	2	1	1	3	1	0	5	7	3	5	3	4	3	12	1	7	3	3	5	0	11	4	3	7	4	3	3	1	3	1	3	7	2	0	1	5	4	4	4	10	9	1	4	7	6	9	3	2	3	5	7	1	2	10	13	6	7	13	8	8	5	8	10	7	7	5	9	5	11	13	5	3	4	12	4	1	4	3	2	2	4	4	5	0	8	6	8	4	12	4	8	8	8	4	7	13	16	10	12	13	8	9	13	15	8	14	9	21	29	17	16	12	37	47	43	31	48	53	35	46	30	46	89	55	54	70	142	101	103	101	156	334	676	214	98	85
0	0	2	2	2	1	4	1	1	0	2	0	4	0	0	0	1	2	2	4	2	1	0	3	1	2	7	2	4	4	3	3	4	2	4	4	0	5	2	2	4	4	9	3	2	2	6	2	5	4	2	3	1	5	4	1	1	2	5	2	2	1	7	5	4	6	3	1	4	2	4	1	3	8	2	4	6	6	2	5	3	1	1	1	0	4	6	2	0	0	0	2	3	3	3	6	3	2	8	5	3	3	3	6	5	3	4	1	4	10	3	4	1	8	6	11	6	8	19	13	8	6	13	28	19	21	27	27	24	30	25	22	30	21	27	23	40	32	36	55	80	98	214	366	162	90
0	2	2	3	0	4	2	3	4	1	2	3	1	3	0	0	3	1	1	1	1	0	2	5	2	6	2	3	4	1	1	4	3	3	4	2	2	1	4	1	1	0	4	6	3	3	2	3	2	4	3	4	4	3	6	4	5	2	1	4	2	2	7	2	2	2	5	9	2	1	4	2	6	5	5	1	2	1	4	6	6	4	2	7	0	6	3	1	1	3	2	0	1	4	2	4	7	6	6	2	5	6	5	3	7	7	5	4	8	3	3	3	8	4	7	17	3	11	13	13	7	7	8	17	21	16	24	26	18	16	19	21	32	39	30	25	37	29	28	28	41	62	98	162	436	253
1	2	1	3	2	2	3	1	2	3	1	1	0	0	1	2	6	2	3	0	3	1	5	2	0	3	7	4	3	2	5	1	3	10	4	1	1	2	3	3	5	3	2	1	4	0	9	1	5	4	3	4	4	8	4	4	12	5	3	1	4	6	6	5	12	4	4	7	2	3	14	9	4	5	4	4	2	3	1	3	4	12	8	7	3	1	1	0	1	0	3	2	1	3	7	2	5	4	5	12	7	5	7	12	10	5	10	7	9	10	18	6	4	7	11	12	6	8	10	18	17	9	18	16	20	26	32	19	14	29	25	21	36	22	28	21	44	35	22	42	52	65	85	90	253	618
