1758	764	341	159	143	160	122	114	103	73	73	96	95	83	95	61	124	83	62	53	48	53	59	51	43	33	26	26	20	22	30	23	11	8	17	14	12	7	5	17	9	8	11	11	7	2	10	5	19	12	9	12	7	6	7	13	10	7	8	5	3	8	5	4	4	5	9	7	4	9	8	2	9	8	2	3	3	2	3	6	7	3	7	11	9	7	7	2	5	4	0	4	4	4	5	10	7	4	4	4	7	2	4	6	0	3	3	4	7	4	2	4	7	10	7	4	6	6	2	2	2	6	2	6	5	3	1	2	5	4	4	2	0	5	7	13	6	6	6	3	9	5	3	8	5	1	2	4	2	6	6	6	4	6	2	4	8	5	5	5	1	1	0	3	4	5	2	3	0	1	3	0	2	2	1	1	1	3	0	1	1	1	0	0	0	0	1	0	0	0	0	0	0	0	0	0	2	0	2	2
764	1530	550	216	185	194	140	100	89	85	79	113	69	91	69	93	89	86	71	48	60	37	46	29	34	25	31	22	27	19	24	19	20	5	14	9	14	8	7	4	8	9	7	12	3	12	15	7	6	7	8	15	4	5	5	14	11	6	2	5	5	6	8	9	7	3	11	9	7	8	11	13	5	6	5	6	7	2	4	6	3	4	10	10	8	7	8	8	4	3	2	8	3	4	2	3	6	4	5	2	3	6	2	2	2	2	2	0	2	3	3	6	4	2	3	1	1	2	2	1	4	4	3	2	2	2	3	4	4	3	11	2	3	7	2	3	5	0	8	4	4	1	3	1	1	5	1	3	2	6	3	0	6	0	5	1	2	3	3	1	3	3	3	1	1	2	1	0	0	0	4	1	0	3	4	0	0	1	2	1	1	0	0	0	0	0	0	0	0	2	0	0	0	0	0	0	0	0	0	0
341	550	2138	939	533	386	221	169	146	105	88	168	115	103	87	91	180	156	74	70	77	50	43	61	42	21	17	28	20	32	30	17	8	8	9	6	6	3	7	3	4	6	6	4	3	4	6	10	9	13	11	12	5	5	10	12	4	4	8	10	2	7	6	13	9	15	16	11	11	8	11	9	8	3	2	3	3	5	4	2	4	1	5	3	1	10	4	2	2	2	3	6	0	1	2	5	10	9	4	1	2	8	5	0	0	5	1	0	8	6	4	4	2	5	2	0	2	6	3	1	1	5	4	8	2	7	4	13	7	7	5	3	5	7	10	6	5	7	6	3	2	4	2	2	2	2	1	6	3	12	4	9	12	14	3	7	5	10	3	0	2	2	2	1	0	0	1	0	2	5	0	3	0	1	0	0	2	0	0	1	1	0	0	0	0	1	0	0	0	0	0	0	0	0	0	0	0	0	2	0
159	216	939	2230	768	338	175	162	112	59	83	132	99	58	61	75	134	76	72	51	74	39	38	35	18	14	20	12	13	15	31	30	11	7	8	4	6	2	0	4	5	13	4	5	6	2	7	3	2	10	12	21	9	4	6	9	7	6	10	9	6	9	17	14	7	12	9	6	11	13	20	8	3	0	1	1	2	4	4	0	0	2	1	4	2	0	1	1	1	4	2	4	1	1	4	8	14	2	3	3	3	3	0	5	1	0	1	0	1	3	15	2	7	6	7	4	1	0	1	2	5	4	3	6	3	4	2	11	14	9	3	5	6	9	4	5	7	2	1	0	4	4	1	0	5	2	1	0	4	5	5	3	21	5	3	3	4	6	6	0	2	2	1	3	3	1	1	0	3	0	1	0	2	1	0	0	0	0	0	1	0	0	0	0	0	0	0	0	0	0	0	0	0	0	1	0	0	0	1	0
143	185	533	768	1396	433	201	151	93	54	64	96	73	53	46	62	114	91	39	47	47	34	46	23	20	30	15	9	6	22	26	15	6	3	5	6	0	4	1	3	3	3	0	4	1	2	5	7	5	8	8	12	10	2	3	1	7	2	2	5	8	7	12	6	12	8	7	7	2	13	12	10	2	4	2	1	1	1	2	3	4	1	0	0	0	3	3	1	1	2	1	6	4	4	1	5	6	3	1	2	1	0	1	5	1	4	2	0	0	4	3	4	2	6	2	5	3	4	0	0	3	1	0	5	2	4	2	6	4	5	3	9	5	3	9	7	4	2	6	0	0	0	1	1	1	4	2	0	2	2	3	2	4	2	4	2	3	5	1	0	0	1	0	3	0	0	1	1	0	0	0	2	0	2	1	2	1	0	0	0	0	0	0	0	0	0	1	1	0	0	0	0	0	0	0	0	0	2	0	0
160	194	386	338	433	1826	684	319	209	154	127	170	110	118	100	137	160	109	81	74	60	43	45	59	33	19	18	21	15	23	15	20	16	5	5	4	7	4	0	3	1	3	4	10	6	5	4	3	2	7	8	10	7	3	6	7	6	1	5	9	6	6	11	21	10	18	9	10	12	10	5	6	7	4	4	5	4	5	2	3	3	4	2	3	0	5	3	4	0	2	4	3	1	1	2	2	8	1	5	3	5	5	3	2	0	5	1	1	1	6	4	6	6	5	4	3	0	2	5	3	5	4	5	5	0	5	2	3	6	8	2	6	3	5	3	2	6	0	4	2	2	0	2	2	1	1	2	3	5	7	1	2	1	6	5	2	3	2	5	0	0	2	3	2	4	0	1	5	1	0	0	2	1	1	1	1	1	1	2	0	0	0	0	0	1	1	0	0	0	0	0	1	0	0	3	0	0	0	0	0
122	140	221	175	201	684	1442	571	237	153	119	146	120	100	116	114	144	143	101	77	56	38	52	43	27	28	23	25	20	21	18	16	14	7	7	6	5	8	7	8	6	4	6	8	4	1	10	5	0	4	7	13	8	7	2	5	7	10	2	5	7	12	13	10	7	5	6	9	5	8	5	7	3	5	3	4	4	6	4	3	2	0	0	3	1	3	3	0	2	2	4	1	2	1	12	6	6	5	5	1	3	6	2	3	0	3	0	5	3	4	4	2	4	1	0	1	1	2	3	3	5	1	5	4	4	5	0	3	4	2	2	9	3	6	7	5	4	7	5	3	0	1	0	1	0	3	3	0	0	3	8	0	3	5	2	5	5	8	4	2	2	0	2	0	2	0	0	1	0	1	1	0	0	4	0	2	2	1	0	2	0	0	1	0	0	0	0	0	0	0	0	3	0	0	1	0	0	0	1	0
114	100	169	162	151	319	571	1742	585	258	202	151	169	133	111	136	144	165	110	69	52	57	52	57	36	38	30	17	23	20	25	18	14	18	16	4	6	9	8	6	4	5	6	5	6	4	8	3	4	6	7	8	6	4	5	9	6	17	8	10	5	8	7	3	2	4	6	11	7	2	14	10	3	6	1	1	4	5	0	4	4	3	2	1	0	6	2	1	4	2	3	4	4	2	4	5	7	7	6	3	6	3	0	4	1	3	4	0	2	3	5	8	8	4	5	4	2	4	4	2	5	6	5	5	6	6	2	10	8	7	8	6	1	7	5	2	8	3	5	3	2	8	5	2	2	1	2	1	4	3	0	4	3	2	0	4	3	5	5	5	2	0	1	1	2	1	0	2	2	1	1	2	3	1	2	3	1	0	0	0	4	1	1	0	1	3	1	0	0	0	1	0	0	0	0	0	0	0	1	0
103	89	146	112	93	209	237	585	1670	573	274	210	189	156	124	143	162	177	121	70	59	44	62	41	31	21	37	21	35	43	16	21	20	9	12	6	9	5	9	7	5	5	4	7	11	2	9	4	10	10	6	13	2	5	10	8	14	10	5	7	13	7	3	2	3	7	4	4	4	4	9	12	5	8	10	8	9	4	1	3	4	3	6	3	3	4	7	0	1	1	5	1	3	1	4	7	6	7	2	2	4	5	5	4	2	2	5	7	2	7	8	5	6	5	2	5	5	6	3	1	0	5	6	3	4	2	5	1	11	3	5	2	3	2	0	2	4	5	4	2	3	2	3	2	2	1	4	2	5	2	3	1	3	4	2	5	3	5	4	3	1	0	1	4	0	3	1	5	1	3	1	1	0	1	0	2	0	2	0	0	0	0	1	0	0	0	0	0	0	0	6	1	1	0	0	0	0	0	0	0
73	85	105	59	54	154	153	258	573	1194	436	200	195	149	140	142	168	132	100	76	61	36	42	70	41	48	33	31	32	33	21	21	12	17	16	15	1	6	13	8	10	11	19	11	7	3	10	7	9	12	14	25	4	3	7	8	5	8	7	4	3	3	3	9	3	2	6	1	2	3	7	10	6	4	9	3	6	5	4	4	4	4	4	4	6	4	6	1	2	5	3	4	8	2	1	6	3	7	3	2	1	1	4	4	3	4	1	1	10	2	3	3	5	4	6	3	4	5	3	1	1	3	6	2	3	4	7	1	2	6	3	7	6	6	4	3	4	6	0	3	5	3	2	1	1	0	1	3	1	4	4	3	5	2	3	1	8	3	2	0	5	2	0	0	2	4	4	0	0	2	1	2	1	1	2	0	1	1	1	0	0	1	0	0	0	0	0	1	1	0	0	1	0	0	0	0	0	0	0	0
73	79	88	83	64	127	119	202	274	436	1244	526	226	203	201	197	195	141	100	73	59	52	43	48	50	45	38	32	36	34	23	24	22	13	8	9	8	11	5	8	7	12	9	16	14	5	10	8	4	10	14	4	7	6	2	10	8	5	6	6	7	9	3	6	8	13	2	10	7	4	8	10	3	0	2	7	3	6	5	4	1	0	3	4	2	4	4	2	2	5	4	6	1	3	3	7	4	7	5	4	3	4	5	8	5	4	6	3	5	10	3	3	6	3	2	4	2	7	5	4	10	1	7	7	0	5	0	6	9	1	6	6	0	0	0	2	3	3	7	0	2	1	1	0	2	2	2	0	4	7	4	2	3	1	1	2	2	5	3	1	3	1	2	4	3	0	1	2	1	4	1	0	4	0	1	1	3	0	1	0	0	0	1	1	0	1	1	0	0	0	0	0	1	0	0	1	0	0	1	2
96	113	168	132	96	170	146	151	210	200	526	1676	608	268	244	227	270	216	93	89	92	44	82	69	58	44	38	34	17	28	22	27	14	7	6	9	4	1	12	4	5	3	2	8	10	4	5	10	7	14	10	20	8	5	7	16	9	6	8	3	7	7	18	4	16	10	3	6	9	8	9	15	0	4	4	2	1	5	5	5	8	4	4	10	4	6	4	0	3	3	2	3	6	2	7	4	8	6	2	3	6	8	4	4	1	7	3	3	4	0	6	4	11	6	3	9	8	2	3	2	2	1	3	3	4	5	6	5	6	9	4	6	9	8	9	5	6	0	4	5	3	1	0	1	1	3	5	0	3	0	1	3	8	5	1	0	4	8	5	0	1	0	3	5	5	0	2	0	0	3	2	4	0	2	3	0	0	1	2	0	2	0	0	0	0	0	0	0	0	2	0	0	1	0	0	0	0	0	1	1
95	69	115	99	73	110	120	169	189	195	226	608	1926	723	360	302	246	207	146	99	65	61	59	85	54	50	46	30	22	36	24	31	11	13	9	10	9	11	7	9	8	12	10	1	8	7	12	8	13	25	16	15	11	14	4	11	8	8	8	6	10	8	11	11	7	9	9	9	6	11	7	12	10	1	5	3	0	7	5	4	5	5	7	7	8	2	5	3	7	2	2	4	0	1	5	6	5	7	5	1	5	8	4	4	2	5	3	3	2	4	5	2	4	1	5	3	4	3	3	5	1	8	4	4	3	7	1	4	5	6	8	6	10	8	4	3	10	2	6	1	0	6	2	4	3	2	3	3	0	3	1	1	1	4	2	8	7	7	5	3	0	0	0	5	0	0	1	2	0	3	4	2	2	5	2	1	0	0	0	0	0	0	1	1	0	0	3	3	0	2	0	0	3	0	0	1	0	0	2	0
83	91	103	58	53	118	100	133	156	149	203	268	723	1462	553	304	228	180	124	90	64	34	51	71	54	51	38	34	28	36	28	35	12	19	11	12	12	5	7	11	5	4	17	9	5	9	15	5	11	12	13	9	3	5	7	11	16	8	9	4	7	10	4	4	2	8	7	7	2	6	10	13	5	2	6	5	13	5	6	2	3	2	3	7	7	5	4	2	5	5	3	3	4	3	8	4	7	6	5	6	5	4	4	4	1	2	4	2	4	11	9	2	3	2	7	6	6	4	3	0	4	6	4	4	5	1	2	5	4	5	4	2	9	4	4	8	5	2	4	3	1	3	1	2	1	2	1	4	8	2	4	3	5	1	1	5	3	4	4	3	0	0	1	4	0	1	1	1	4	1	6	2	1	1	0	0	1	2	2	3	0	1	0	1	1	0	1	0	0	0	0	1	0	0	0	0	0	0	2	0
95	69	87	61	46	100	116	111	124	140	201	244	360	553	1432	589	303	208	121	93	70	51	83	60	71	38	44	39	29	24	30	29	17	12	11	11	11	13	4	9	11	2	6	10	8	10	17	12	5	16	12	10	8	6	3	11	14	6	11	6	3	8	3	5	6	10	5	8	9	7	4	9	9	5	5	5	5	1	8	3	4	5	6	12	4	9	2	1	5	3	4	6	3	5	5	8	3	4	0	3	9	3	5	2	4	12	4	1	2	5	2	6	2	4	3	3	3	3	3	1	3	2	7	5	1	5	2	3	4	3	3	5	2	2	8	6	5	7	5	2	3	9	3	2	3	3	0	2	3	4	4	0	2	4	0	4	3	7	6	2	3	1	3	3	2	0	0	2	1	1	5	3	2	1	2	1	1	0	3	3	2	2	0	2	0	0	0	1	0	0	0	0	0	0	0	0	0	1	4	1
61	93	91	75	62	137	114	136	143	142	197	227	302	304	589	1350	666	237	104	105	88	49	69	67	48	53	37	26	33	32	29	15	17	15	12	8	8	14	3	8	5	4	9	8	12	2	18	12	7	10	16	7	14	6	7	8	8	6	10	1	12	10	15	9	10	12	7	9	10	11	8	10	2	1	4	6	5	7	2	4	4	4	6	2	3	7	11	1	2	1	7	5	2	3	4	4	5	3	5	2	2	6	4	1	4	1	1	1	0	5	4	5	6	3	3	2	3	5	2	2	2	5	4	8	9	6	4	4	6	2	6	4	2	2	5	3	4	3	3	2	0	0	0	0	2	2	7	1	0	2	3	4	4	4	3	2	9	0	8	2	1	1	2	2	5	0	1	0	1	2	3	0	0	3	0	0	1	1	0	0	1	0	0	0	0	0	1	0	0	1	2	0	0	0	0	0	2	0	2	2
124	89	180	134	114	160	144	144	162	168	195	270	246	228	303	666	1830	581	191	149	148	80	88	86	58	36	48	35	35	48	41	25	21	18	10	3	11	12	8	10	7	6	8	4	10	4	14	4	8	11	11	11	17	11	9	12	18	3	10	9	5	13	10	9	7	9	17	10	15	5	12	8	12	5	1	16	3	7	6	7	0	3	7	3	3	3	4	1	6	4	5	1	3	5	2	6	20	6	3	7	6	4	0	1	2	4	1	0	3	6	3	8	7	1	3	2	3	1	0	4	2	1	5	7	5	3	2	2	12	5	5	5	1	4	7	9	9	4	5	4	2	4	2	4	2	1	1	3	5	4	8	4	8	7	4	5	5	7	6	1	1	3	3	3	2	1	3	5	0	0	4	1	0	1	0	5	0	2	0	4	0	0	1	3	1	0	0	0	0	1	0	0	1	0	0	0	2	0	0	0
83	86	156	76	91	109	143	165	177	132	141	216	207	180	208	237	581	1272	522	220	117	109	167	117	96	69	53	62	51	49	43	38	15	20	14	10	16	10	12	8	17	8	11	16	10	4	11	18	15	14	12	21	10	8	4	14	12	5	11	18	10	3	10	7	10	6	11	6	9	17	10	10	4	7	7	6	4	9	4	3	2	0	4	10	5	6	3	1	1	4	3	5	3	11	5	5	12	2	6	1	6	8	2	10	2	4	2	4	6	5	8	3	3	4	2	7	6	3	8	4	3	5	9	2	5	4	2	4	5	2	10	3	2	2	4	4	6	4	6	4	1	2	2	3	1	1	4	1	4	2	5	3	3	2	2	3	6	7	4	0	2	1	0	4	2	4	1	1	1	2	0	3	0	0	0	1	1	1	0	0	0	1	0	1	0	0	1	0	1	2	0	0	0	1	2	0	0	0	0	0
62	71	74	72	39	81	101	110	121	100	100	93	146	124	121	104	191	522	1314	467	225	125	177	176	122	125	110	74	67	69	58	57	29	31	29	16	15	16	16	6	20	12	12	20	12	12	16	13	21	25	26	29	16	9	12	13	13	12	17	10	11	9	10	3	6	3	6	14	7	3	10	12	8	6	3	9	2	11	11	4	8	4	6	17	7	6	8	6	5	6	4	2	5	8	9	8	4	7	3	0	3	12	5	5	2	6	2	4	8	6	6	4	6	5	6	5	1	3	5	3	5	5	4	2	4	7	2	4	5	9	6	0	3	5	4	5	3	1	3	1	4	3	9	3	0	3	4	4	5	1	1	8	7	5	1	1	3	6	5	3	0	3	1	0	1	0	1	1	2	0	1	2	0	2	1	0	0	3	0	1	1	0	0	0	0	1	0	0	0	0	0	0	1	0	0	0	0	1	0	1
53	48	70	51	47	74	77	69	70	76	73	89	99	90	93	105	149	220	467	1214	512	185	226	213	147	112	96	72	73	72	84	53	29	12	13	15	10	12	8	9	14	9	14	20	10	11	17	12	16	21	23	17	18	16	7	17	17	8	10	8	8	10	11	8	11	11	4	8	5	13	11	15	8	4	2	8	10	6	9	7	7	4	6	9	7	6	4	1	3	5	3	6	2	2	6	4	5	13	3	12	7	8	4	2	1	5	6	1	2	5	6	3	9	5	5	5	6	6	4	1	7	2	5	4	2	3	3	5	6	5	0	8	1	2	2	5	3	5	5	3	3	5	2	1	2	7	0	2	2	0	2	5	1	3	5	4	4	4	3	2	3	1	2	0	4	2	2	1	1	1	1	4	1	3	0	2	0	0	1	1	1	1	0	0	0	0	0	0	1	0	0	1	0	0	0	0	0	0	0	0
48	60	77	74	47	60	56	52	59	61	59	92	65	64	70	88	148	117	225	512	1234	521	393	285	169	140	123	89	90	66	103	82	37	29	20	13	13	17	12	23	8	18	23	9	12	7	35	16	24	39	23	27	14	9	16	14	16	14	8	15	4	14	17	11	9	18	9	11	8	7	11	8	11	11	11	12	10	7	5	2	6	5	3	8	11	6	9	1	6	4	1	8	1	7	2	8	7	14	6	6	3	6	3	5	6	1	6	2	6	4	6	4	6	9	6	6	2	4	5	2	3	2	6	4	5	7	3	6	6	7	7	4	6	5	2	3	6	5	5	2	4	2	2	1	3	3	3	2	5	3	4	4	3	4	6	8	6	2	3	2	0	0	5	0	3	0	2	0	1	2	1	0	0	1	2	0	1	1	1	0	2	0	0	0	0	0	0	0	1	1	1	0	2	1	0	0	1	1	0	0
53	37	50	39	34	43	38	57	44	36	52	44	61	34	51	49	80	109	125	185	521	1140	583	265	197	149	94	94	83	76	78	56	38	29	35	26	28	20	18	21	13	23	22	17	23	19	24	15	20	34	22	17	13	10	5	10	14	11	8	16	5	6	10	7	4	10	6	11	17	4	8	14	10	9	9	12	5	6	8	12	10	2	8	9	13	15	6	5	8	6	11	7	11	5	5	12	7	9	9	11	8	7	1	6	7	6	3	4	6	22	7	8	7	7	4	8	6	2	8	4	4	8	13	5	2	5	2	5	5	4	5	3	4	2	3	7	1	4	0	5	4	7	3	4	1	1	5	6	2	2	4	3	2	1	0	4	6	5	5	2	4	3	0	3	0	2	1	1	2	6	1	3	2	3	1	0	0	0	2	1	0	2	0	1	0	0	0	0	0	1	0	1	0	0	3	0	0	0	0	1
59	46	43	38	46	45	52	52	62	42	43	82	59	51	83	69	88	167	177	226	393	583	1668	644	291	203	137	112	78	100	88	79	42	40	29	29	20	23	23	17	17	13	23	27	19	24	34	18	28	45	35	28	22	15	23	16	16	11	14	23	13	11	9	10	14	10	7	14	5	12	9	14	5	13	7	24	12	14	5	11	7	4	9	17	8	6	13	6	8	11	8	9	5	4	8	6	11	12	5	10	6	15	6	7	5	3	5	4	8	11	10	7	6	6	2	5	4	6	9	0	2	9	2	0	5	3	2	8	10	4	3	6	5	2	3	4	3	5	2	5	3	4	3	5	5	5	3	11	4	3	10	7	5	5	8	3	1	6	7	2	2	1	3	4	2	0	1	1	2	0	4	1	1	2	2	0	1	5	1	0	0	0	0	0	0	0	0	0	0	0	0	1	0	0	1	0	2	1	0	1
51	29	61	35	23	59	43	57	41	70	48	69	85	71	60	67	86	117	176	213	285	265	644	1852	649	289	181	164	117	147	107	95	46	44	36	34	27	17	19	20	22	20	29	30	23	18	28	22	45	42	43	34	24	12	15	14	28	15	22	17	14	14	9	11	8	14	6	6	15	10	17	12	13	11	22	15	12	12	7	7	10	7	7	8	11	10	3	12	10	6	16	4	5	10	10	17	7	11	9	8	10	13	5	6	2	6	3	9	7	13	4	3	3	4	1	6	4	5	8	5	4	6	7	6	2	2	7	2	8	2	3	5	1	4	7	3	6	2	0	3	3	3	11	3	0	4	3	4	5	1	2	10	5	1	5	6	10	2	9	5	0	3	4	1	3	3	3	3	2	0	3	2	1	3	0	1	2	0	0	0	1	0	0	0	1	0	0	1	0	0	1	2	0	0	0	2	0	0	0	1
43	34	42	18	20	33	27	36	31	41	50	58	54	54	71	48	58	96	122	147	169	197	291	649	1358	528	210	194	173	138	89	69	60	43	36	40	34	37	30	32	30	28	32	17	14	29	30	22	31	49	45	23	14	9	20	15	16	11	14	12	7	11	20	8	4	2	3	10	11	6	11	10	17	13	8	20	18	9	9	17	13	6	8	18	10	11	12	3	13	11	5	10	10	6	7	5	11	6	2	8	10	7	10	11	6	4	5	2	5	3	10	1	7	3	5	5	2	4	8	5	12	4	6	4	1	3	3	5	2	4	6	5	2	0	0	2	3	7	4	5	5	3	5	0	5	4	3	0	3	4	6	4	5	4	4	7	3	8	3	4	5	2	2	2	2	1	1	0	4	3	1	4	2	0	1	0	2	1	1	2	0	0	2	0	1	0	0	0	0	1	1	3	0	0	0	0	1	0	0	0
33	25	21	14	30	19	28	38	21	48	45	44	50	51	38	53	36	69	125	112	140	149	203	289	528	1162	397	225	151	174	88	69	62	49	46	25	34	29	31	34	14	22	30	25	25	17	28	31	32	49	36	16	12	10	15	20	15	13	15	13	12	7	13	8	5	2	2	6	7	9	9	7	14	19	15	21	16	9	10	17	6	5	8	13	7	17	11	5	10	18	10	4	7	5	10	16	11	5	4	5	12	10	8	7	0	8	9	0	7	12	3	7	8	9	3	7	6	7	9	9	5	0	7	3	2	4	4	2	3	2	1	3	4	2	3	2	4	2	12	4	13	7	13	1	2	4	6	4	3	3	2	7	0	5	1	2	2	4	3	0	1	2	2	3	4	3	4	0	1	4	0	2	0	0	1	4	2	2	0	1	1	0	1	1	1	1	1	0	0	1	0	2	1	0	1	0	1	1	0	0
26	31	17	20	15	18	23	30	37	33	38	38	46	38	44	37	48	53	110	96	123	94	137	181	210	397	1142	405	195	224	102	78	37	59	69	52	34	36	27	29	35	36	29	33	23	19	25	26	34	47	39	28	19	6	9	19	12	12	17	12	12	6	13	20	5	3	4	8	7	9	3	11	9	21	6	15	15	15	20	13	13	8	13	10	8	11	21	6	15	6	7	4	10	11	9	8	6	7	10	6	11	11	6	7	7	8	2	1	6	6	7	5	4	3	4	6	4	6	4	3	2	1	5	1	6	3	2	1	4	5	0	7	0	3	0	1	0	1	6	2	9	2	3	5	2	0	4	3	0	2	6	1	4	0	4	2	1	2	2	3	4	2	4	1	1	1	1	0	3	2	0	0	3	0	1	0	2	1	0	2	2	0	0	0	0	0	1	0	0	1	2	1	2	0	1	0	1	1	1	0
26	22	28	12	9	21	25	17	21	31	32	34	30	34	39	26	35	62	74	72	89	94	112	164	194	225	405	1068	385	261	130	91	73	70	61	43	53	30	32	30	42	52	43	48	29	21	39	48	35	53	45	27	24	14	19	23	23	23	26	12	14	13	7	10	9	5	8	14	7	15	14	11	11	17	14	24	5	15	21	10	10	11	11	7	17	11	13	6	13	9	7	20	7	9	12	12	4	8	9	11	8	12	5	6	4	4	5	5	11	6	6	10	3	5	8	4	4	8	4	5	9	4	4	6	1	7	4	1	2	4	3	2	1	2	3	1	6	2	2	4	2	4	6	5	5	4	1	4	3	9	5	4	3	3	0	2	4	6	0	0	4	1	2	1	3	0	2	3	1	1	1	3	2	2	0	3	5	1	2	1	0	0	1	0	4	0	0	1	0	0	0	2	2	0	1	1	0	1	0	1
20	27	20	13	6	15	20	23	35	32	36	17	22	28	29	33	35	51	67	73	90	83	78	117	173	151	195	385	1022	484	158	117	75	52	61	51	30	39	41	42	33	36	41	30	26	28	41	36	35	43	47	47	31	14	12	18	20	24	25	13	10	10	13	9	6	10	11	8	8	12	10	17	14	11	14	26	18	15	15	13	12	11	10	17	7	12	13	3	16	4	4	5	3	10	8	11	8	10	7	6	7	7	7	10	4	4	4	12	8	8	8	4	3	7	9	8	7	2	6	3	7	7	4	3	2	1	1	5	6	3	5	1	3	2	1	1	0	4	0	5	3	1	6	5	2	2	4	2	4	5	7	0	2	2	7	1	2	4	5	1	3	2	1	2	2	3	1	2	2	3	3	1	0	3	3	4	0	1	1	1	0	1	2	0	0	0	1	0	0	1	2	1	0	0	1	0	1	0	0	0
22	19	32	15	22	23	21	20	43	33	34	28	36	36	24	32	48	49	69	72	66	76	100	147	138	174	224	261	484	1474	458	204	122	80	68	58	50	59	52	31	34	27	46	59	46	34	55	42	69	61	63	49	26	21	9	19	24	14	21	16	14	15	21	14	11	6	8	5	12	13	26	19	15	14	14	15	11	17	24	13	15	8	18	16	20	16	18	7	12	13	13	12	10	19	11	5	7	11	6	16	11	9	6	14	7	10	5	7	12	5	5	2	7	11	3	8	4	6	3	5	5	3	2	4	2	5	4	4	2	0	5	6	8	9	2	2	1	1	3	1	7	3	8	7	9	7	6	6	6	2	4	3	4	5	0	2	9	6	6	0	1	1	1	4	3	2	2	1	4	1	1	6	1	0	3	0	7	1	0	1	0	0	1	3	0	1	2	0	2	0	0	1	0	0	0	0	0	3	0	1
30	24	30	31	26	15	18	25	16	21	23	22	24	28	30	29	41	43	58	84	103	78	88	107	89	88	102	130	158	458	1026	412	162	70	43	43	32	28	22	19	31	19	39	36	23	15	50	32	50	61	92	73	25	20	22	34	34	29	30	30	20	20	18	14	12	6	7	21	20	13	23	18	11	16	15	9	14	12	8	15	5	3	7	9	16	13	7	3	6	6	7	5	10	5	9	10	4	15	12	14	5	4	4	3	1	4	3	4	4	9	7	7	5	2	7	2	2	6	3	2	4	6	13	3	2	4	4	5	2	1	1	9	6	8	6	4	4	8	1	5	1	2	2	6	2	2	7	3	3	1	6	5	1	5	0	3	8	6	2	5	0	4	3	6	1	0	2	2	1	1	3	2	1	2	2	2	0	1	1	2	0	0	0	4	0	0	0	0	0	1	0	1	0	0	0	0	0	0	1	0
23	19	17	30	15	20	16	18	21	21	24	27	31	35	29	15	25	38	57	53	82	56	79	95	69	69	78	91	117	204	412	1094	368	129	76	68	64	40	35	41	42	33	39	61	46	40	70	49	71	102	123	133	57	38	27	54	48	38	42	28	23	23	25	16	11	15	8	26	20	16	26	46	30	36	23	22	14	18	18	14	9	8	16	14	19	19	25	4	11	14	5	15	11	8	8	14	20	13	7	11	11	4	6	5	6	3	9	8	7	9	10	1	9	5	8	8	2	3	5	3	6	3	5	6	7	5	5	6	2	3	2	12	7	7	2	11	3	5	1	2	1	1	3	4	0	3	4	6	4	2	1	7	3	1	5	4	3	3	5	6	1	0	2	1	0	3	2	0	2	2	2	3	1	0	1	0	1	0	0	1	0	1	0	0	1	2	0	0	0	0	0	0	1	0	1	2	0	0	0	1
11	20	8	11	6	16	14	14	20	12	22	14	11	12	17	17	21	15	29	29	37	38	42	46	60	62	37	73	75	122	162	368	1022	404	225	138	86	81	88	86	80	55	73	99	74	71	73	96	109	194	282	136	81	30	35	50	56	49	56	51	35	46	24	16	19	17	17	13	28	18	30	40	53	24	32	33	18	32	26	19	15	6	12	38	29	45	30	8	11	9	19	14	16	9	11	11	6	9	10	5	15	8	6	4	5	8	5	6	3	11	6	8	5	5	1	2	3	4	4	2	5	6	7	4	5	2	1	2	4	1	5	1	2	2	5	6	4	3	5	4	4	3	3	5	4	1	3	3	4	2	0	4	1	2	3	0	3	2	6	4	3	0	2	1	0	2	1	2	1	2	1	1	2	1	0	0	1	1	2	0	0	0	0	0	0	1	0	0	0	0	0	1	2	0	1	0	1	0	1	0
8	5	8	7	3	5	7	18	9	17	13	7	13	19	12	15	18	20	31	12	29	29	40	44	43	49	59	70	52	80	70	129	404	1022	481	208	137	137	120	108	82	81	95	120	90	53	100	100	109	133	170	94	71	37	25	53	46	35	33	37	26	29	17	12	6	7	11	20	27	16	17	32	52	37	32	42	22	26	21	17	21	21	28	18	24	28	32	5	25	14	11	14	14	14	2	4	10	16	7	8	8	10	6	9	2	11	6	12	12	5	11	3	6	7	2	6	1	8	5	8	5	5	7	6	1	6	2	2	1	3	1	1	0	0	0	4	2	3	3	5	4	4	3	5	2	1	1	2	2	1	3	9	2	3	1	0	7	2	3	1	2	0	1	2	2	2	2	2	2	0	0	2	3	1	1	2	1	3	1	2	0	0	0	0	1	0	1	1	0	1	0	0	0	2	0	0	1	3	3	1
17	14	9	8	5	5	7	16	12	16	8	6	9	11	11	12	10	14	29	13	20	35	29	36	36	46	69	61	61	68	43	76	225	481	1430	505	212	168	141	114	122	97	119	120	106	64	103	110	131	121	139	56	47	33	21	35	49	37	30	30	25	18	12	9	14	16	10	8	16	23	22	31	36	38	35	30	32	28	25	20	31	21	21	28	27	36	17	9	22	12	17	25	20	23	13	12	13	7	8	11	11	13	13	4	11	7	5	8	9	14	7	5	3	5	9	6	4	13	11	5	7	5	6	3	4	4	0	3	3	3	4	0	1	1	2	1	1	5	0	5	4	10	5	9	4	4	2	5	3	5	1	4	6	2	4	2	2	7	5	0	5	1	2	5	1	1	3	3	1	0	0	4	4	3	2	2	3	5	0	2	0	0	1	3	1	2	2	1	0	0	0	0	0	0	2	0	0	1	1	0
14	9	6	4	6	4	6	4	6	15	9	9	10	12	11	8	3	10	16	15	13	26	29	34	40	25	52	43	51	58	43	68	138	208	505	1144	426	235	155	137	122	109	133	112	95	87	100	106	123	101	104	64	37	34	19	26	38	31	26	32	14	21	8	2	11	8	10	17	14	12	19	27	23	32	31	36	21	14	19	41	13	17	27	22	19	12	19	7	20	19	16	15	11	16	12	8	6	14	7	4	10	7	9	6	7	12	4	11	9	6	5	3	1	4	6	3	2	4	7	12	4	8	3	1	0	4	5	0	0	3	1	2	1	1	1	3	1	1	2	2	4	6	5	8	3	2	2	2	6	4	2	0	0	2	3	2	2	0	4	1	2	3	3	3	0	1	2	5	4	5	0	1	3	1	2	2	4	4	3	1	1	1	2	2	0	1	2	1	0	1	0	1	3	0	0	0	0	2	1	0
12	14	6	6	0	7	5	6	9	1	8	4	9	12	11	8	11	16	15	10	13	28	20	27	34	34	34	53	30	50	32	64	86	137	212	426	1016	417	202	164	154	100	120	125	82	67	79	109	104	109	98	56	35	20	24	28	29	31	15	19	18	13	16	4	3	6	10	9	15	15	31	29	22	25	17	35	16	21	25	22	23	20	27	18	17	34	16	14	20	4	13	13	15	9	14	10	8	6	8	4	9	7	5	7	11	11	11	3	11	8	1	1	7	7	1	7	3	8	2	7	8	5	3	3	2	3	2	1	4	1	4	3	0	4	2	1	2	4	0	4	4	4	5	3	1	3	5	6	2	3	5	1	0	1	1	1	4	1	3	1	1	2	5	2	0	2	2	1	4	0	2	1	0	5	1	0	3	2	2	4	1	2	2	1	0	0	0	0	1	0	3	2	2	0	0	0	0	2	0	0
7	8	3	2	4	4	8	9	5	6	11	1	11	5	13	14	12	10	16	12	17	20	23	17	37	29	36	30	39	59	28	40	81	137	168	235	417	1082	422	208	159	127	126	133	93	62	88	74	108	125	98	56	30	20	18	28	35	25	27	22	14	20	8	13	6	4	5	8	10	11	13	15	30	24	27	38	28	25	16	22	14	19	29	30	18	19	20	7	13	16	8	7	14	13	10	5	6	5	9	5	12	8	9	10	1	7	10	7	5	10	2	5	4	2	4	0	10	10	5	2	4	9	5	4	3	2	2	1	2	0	3	4	0	0	1	5	1	2	5	5	1	2	1	6	6	6	2	2	2	5	11	2	2	3	1	1	3	4	0	4	3	2	3	6	1	2	0	0	1	5	1	3	0	3	0	2	2	2	1	0	0	0	5	0	1	0	2	0	0	1	0	0	3	0	0	0	1	0	2	2
5	7	7	0	1	0	7	8	9	13	5	12	7	7	4	3	8	12	16	8	12	18	23	19	30	31	27	32	41	52	22	35	88	120	141	155	202	422	1134	399	191	143	143	125	88	89	94	95	94	112	87	66	27	19	15	29	18	27	17	21	17	16	11	5	8	5	4	1	10	9	17	21	28	35	21	28	15	18	22	17	19	17	27	18	20	22	17	4	18	16	8	11	10	9	15	7	10	5	12	10	17	9	5	6	5	14	4	6	10	8	1	1	5	3	0	7	8	7	1	1	7	6	2	5	1	0	4	5	1	3	2	1	4	2	4	4	5	7	2	3	3	9	2	1	3	3	2	2	4	5	5	5	1	3	2	5	2	0	2	4	4	2	2	2	3	3	2	1	2	1	0	3	1	3	1	2	2	2	1	0	2	1	2	0	3	0	0	0	0	0	1	1	0	0	1	0	0	0	2	0
17	4	3	4	3	3	8	6	7	8	8	4	9	11	9	8	10	8	6	9	23	21	17	20	32	34	29	30	42	31	19	41	86	108	114	137	164	208	399	1104	436	211	156	159	101	78	95	99	128	84	108	42	29	19	10	33	36	27	32	23	12	13	11	5	11	10	5	4	10	9	17	16	26	21	22	41	20	21	26	24	15	15	8	30	24	27	28	9	14	9	12	21	12	7	11	11	6	9	17	6	13	18	9	10	5	2	6	10	10	13	3	6	2	3	5	6	8	8	5	3	5	11	5	3	4	3	4	2	0	1	3	3	1	1	0	4	2	2	1	3	4	2	6	4	3	11	8	2	2	3	5	0	2	0	4	4	0	2	3	1	0	2	1	2	1	2	2	10	2	6	3	1	3	1	0	3	1	0	1	0	0	1	0	2	0	2	0	0	0	2	0	2	0	4	0	0	0	0	0	0
9	8	4	5	3	1	6	4	5	10	7	5	8	5	11	5	7	17	20	14	8	13	17	22	30	14	35	42	33	34	31	42	80	82	122	122	154	159	191	436	1060	385	220	169	103	85	101	105	101	100	58	45	31	17	16	24	41	27	25	24	27	23	9	8	9	3	5	8	10	10	13	21	23	24	29	32	17	23	19	26	16	19	21	18	20	25	22	9	13	12	19	17	16	9	15	14	9	6	8	7	8	15	3	6	5	5	2	8	4	7	6	5	8	6	3	6	3	7	3	7	2	8	6	6	4	5	1	5	3	0	4	0	1	1	0	2	3	3	4	1	9	7	5	1	3	3	4	4	4	8	0	5	2	0	2	3	1	1	4	3	2	1	1	2	2	5	6	1	0	2	3	0	1	4	1	2	4	1	1	1	4	0	1	1	1	3	0	1	0	0	1	0	1	1	0	0	0	1	1	0
8	9	6	13	3	3	4	5	5	11	12	3	12	4	2	4	6	8	12	9	18	23	13	20	28	22	36	52	36	27	19	33	55	81	97	109	100	127	143	211	385	898	419	229	151	78	113	82	134	114	82	59	23	24	26	31	39	27	22	20	16	9	7	13	4	6	8	4	9	8	16	20	17	25	16	43	17	21	20	25	11	10	27	16	17	19	20	6	18	21	17	21	8	7	12	4	4	8	3	11	13	6	8	11	8	12	10	7	3	11	2	2	1	4	3	3	9	5	9	1	5	5	1	1	1	2	4	4	1	3	1	6	3	0	1	1	4	0	5	1	2	10	2	4	3	0	4	7	3	3	1	3	2	4	2	2	0	4	0	0	4	1	2	2	2	3	3	2	3	2	0	2	2	1	3	1	8	2	2	1	1	0	1	2	2	1	0	1	1	3	0	2	2	0	2	1	2	1	2	1
11	7	6	4	0	4	6	6	4	19	9	2	10	17	6	9	8	11	12	14	23	22	23	29	32	30	29	43	41	46	39	39	73	95	119	133	120	126	143	156	220	419	1448	598	210	135	127	125	148	159	122	59	32	17	18	52	37	26	41	20	21	32	25	8	6	7	9	5	19	12	22	28	38	27	26	29	37	33	25	29	17	23	27	21	24	30	21	7	19	20	14	16	8	11	10	10	10	7	6	5	10	14	6	15	8	6	12	5	9	11	5	5	4	6	7	11	4	5	6	9	8	4	6	5	3	1	5	3	2	2	2	1	3	4	0	6	1	1	10	3	5	3	3	6	2	2	5	2	10	3	6	4	4	1	4	6	2	1	2	2	2	1	1	7	5	2	1	2	3	0	3	0	1	2	2	5	1	3	1	2	0	2	3	1	0	0	1	1	0	2	0	1	2	0	1	0	0	2	1	1
11	12	4	5	4	10	8	5	7	11	16	8	1	9	10	8	4	16	20	20	9	17	27	30	17	25	33	48	30	59	36	61	99	120	120	112	125	133	125	159	169	229	598	1420	471	194	215	171	174	148	127	61	44	27	14	34	21	22	28	22	30	12	14	11	11	10	7	13	14	18	23	24	27	32	36	46	27	22	19	29	28	21	22	15	19	29	20	6	28	13	11	16	13	15	11	7	10	12	14	9	13	17	8	10	6	6	4	3	3	10	5	3	4	2	4	7	10	4	8	7	4	9	10	1	2	1	3	5	2	1	3	2	2	2	2	0	1	3	1	3	5	4	6	3	4	3	6	2	1	2	8	2	6	2	3	2	4	3	6	5	3	2	1	2	6	2	0	1	4	1	0	1	0	0	2	2	0	0	0	0	0	2	3	0	0	0	0	0	0	2	1	0	2	1	0	0	1	2	3	3
7	3	3	6	1	6	4	6	11	7	14	10	8	5	8	12	10	10	12	10	12	23	19	23	14	25	23	29	26	46	23	46	74	90	106	95	82	93	88	101	103	151	210	471	938	306	214	183	159	133	89	62	31	21	24	31	33	28	29	33	14	24	18	5	9	8	12	4	15	15	19	14	29	26	17	30	19	24	13	17	20	17	23	19	23	30	30	6	13	19	17	10	14	10	10	8	9	6	4	5	6	7	4	18	4	9	6	2	12	8	7	3	1	1	5	4	4	5	8	7	7	3	5	1	1	6	3	3	2	0	3	2	5	1	0	4	5	2	3	4	2	4	2	7	3	4	7	2	1	3	4	4	3	1	0	2	1	2	0	2	2	1	1	6	4	0	3	2	0	3	4	1	0	0	4	0	2	1	0	1	0	1	2	1	0	0	0	2	0	0	0	0	1	0	0	2	0	1	3	2
2	12	4	2	2	5	1	4	2	3	5	4	7	9	10	2	4	4	12	11	7	19	24	18	29	17	19	21	28	34	15	40	71	53	64	87	67	62	89	78	85	78	135	194	306	584	381	177	179	132	95	57	27	20	22	30	28	23	19	16	17	22	15	10	5	7	6	9	15	5	16	15	27	22	25	23	13	15	19	15	16	13	24	18	13	20	29	7	10	8	13	10	9	6	6	18	1	11	5	9	11	6	7	7	2	8	3	6	8	7	1	0	3	3	1	3	5	7	3	4	4	1	6	2	0	0	2	0	1	1	3	2	1	0	2	2	0	3	0	5	0	0	3	4	1	1	4	0	3	6	3	6	0	0	1	4	1	4	2	2	2	1	0	5	3	2	1	2	6	1	0	2	5	1	1	2	2	1	1	3	1	0	0	1	0	0	0	0	0	1	2	1	0	0	1	0	0	0	1	0
10	15	6	7	5	4	10	8	9	10	10	5	12	15	17	18	14	11	16	17	35	24	34	28	30	28	25	39	41	55	50	70	73	100	103	100	79	88	94	95	101	113	127	215	214	381	1256	509	261	234	168	84	62	35	41	71	38	44	28	26	33	31	13	14	15	19	14	15	16	13	21	35	39	35	39	38	26	27	23	22	18	17	23	19	21	19	19	15	19	12	15	6	10	14	10	17	20	16	6	8	10	16	4	5	0	14	8	8	10	6	5	7	8	11	5	5	2	7	2	5	4	4	6	4	4	4	3	1	2	2	3	5	1	4	1	7	6	3	3	4	1	0	7	1	2	3	5	5	6	6	6	4	4	2	1	0	0	2	3	3	4	2	5	2	4	1	2	0	0	0	0	3	1	3	1	2	4	2	0	0	0	2	2	1	0	0	1	0	1	2	0	1	1	1	0	0	1	0	0	1
5	7	10	3	7	3	5	3	4	7	8	10	8	5	12	12	4	18	13	12	16	15	18	22	22	31	26	48	36	42	32	49	96	100	110	106	109	74	95	99	105	82	125	171	183	177	509	1088	528	254	189	83	53	42	25	56	43	33	45	26	18	22	13	11	9	11	6	22	18	15	27	24	51	41	30	33	27	44	31	24	17	19	24	25	25	38	21	6	18	17	16	18	13	13	7	16	9	9	10	13	11	5	5	10	4	8	7	7	9	14	6	13	3	3	9	3	2	4	8	1	9	3	5	4	1	6	5	1	6	3	7	5	1	2	3	4	3	2	5	2	4	3	3	4	4	3	5	6	3	3	8	3	1	2	4	2	0	6	7	0	0	1	6	7	2	4	2	4	4	3	3	2	1	0	2	3	2	5	1	3	1	0	0	1	0	0	0	1	0	0	0	2	0	0	0	1	1	0	0	1
19	6	9	2	5	2	0	4	10	9	4	7	13	11	5	7	8	15	21	16	24	20	28	45	31	32	34	35	35	69	50	71	109	109	131	123	104	108	94	128	101	134	148	174	159	179	261	528	1400	599	226	108	77	40	38	55	66	36	50	54	36	24	20	4	14	19	9	12	28	17	40	37	39	36	33	34	30	26	21	36	26	19	29	26	31	22	20	13	16	17	10	15	17	18	15	13	18	10	13	10	7	11	15	13	9	9	10	7	16	12	3	2	8	11	6	4	8	6	8	5	5	4	4	3	6	5	4	3	2	4	6	4	3	6	2	2	9	1	3	3	3	5	4	3	9	4	3	1	0	6	9	2	7	1	2	2	4	0	4	1	1	1	2	4	3	0	2	0	3	1	4	3	1	2	1	2	3	0	0	1	1	0	1	0	0	2	0	0	1	0	1	0	1	0	3	0	1	1	0	0
12	7	13	10	8	7	4	6	10	12	10	14	25	12	16	10	11	14	25	21	39	34	45	42	49	49	47	53	43	61	61	102	194	133	121	101	109	125	112	84	100	114	159	148	133	132	234	254	599	1770	544	193	86	54	52	93	70	73	53	74	28	52	30	23	15	19	17	20	46	24	36	61	55	48	49	24	23	33	24	23	17	17	25	44	30	28	20	9	27	14	14	26	12	14	24	11	13	11	17	7	11	23	6	16	6	11	5	4	14	13	7	8	5	9	9	9	9	5	7	7	10	9	3	4	3	1	3	3	10	3	7	5	5	3	6	4	5	6	7	9	4	1	5	2	2	4	1	4	0	5	9	5	10	3	4	5	0	3	3	7	2	2	3	7	3	4	0	1	2	7	1	3	0	3	0	2	3	3	0	0	3	1	0	0	0	0	1	1	0	0	0	1	1	0	0	1	0	1	0	1
9	8	11	12	8	8	7	7	6	14	14	10	16	13	12	16	11	12	26	23	23	22	35	43	45	36	39	45	47	63	92	123	282	170	139	104	98	98	87	108	58	82	122	127	89	95	168	189	226	544	1200	414	103	84	70	87	89	57	89	71	48	48	46	19	26	23	29	30	25	33	47	56	66	32	38	38	29	30	23	35	11	13	21	35	30	32	33	14	8	18	10	22	9	5	9	18	14	12	6	10	13	10	10	9	5	9	7	5	6	6	4	9	7	4	4	4	1	1	5	3	6	5	2	5	2	2	5	5	3	8	6	3	10	9	3	3	6	1	7	2	5	2	6	1	3	4	3	2	3	1	1	1	3	5	1	4	4	4	0	0	1	4	1	3	3	0	4	0	0	0	5	3	5	2	2	2	2	3	3	1	2	0	0	0	0	1	1	2	0	0	0	0	0	0	0	0	0	3	1	1
12	15	12	21	12	10	13	8	13	25	4	20	15	9	10	7	11	21	29	17	27	17	28	34	23	16	28	27	47	49	73	133	136	94	56	64	56	56	66	42	45	59	59	61	62	57	84	83	108	193	414	1808	533	209	144	249	253	167	172	178	90	127	64	50	45	44	35	36	60	71	67	154	112	65	32	42	42	49	40	34	16	23	24	42	59	38	42	12	20	11	13	10	8	7	11	18	22	14	9	21	11	20	6	16	6	11	7	15	11	11	9	12	12	6	11	1	4	6	4	3	7	9	9	2	2	7	4	6	4	5	4	4	5	2	3	10	6	4	3	1	1	9	4	5	2	3	2	2	3	2	2	11	8	5	7	6	1	8	0	3	5	1	4	2	3	3	0	0	2	5	3	0	3	2	0	1	0	0	0	3	1	0	2	1	0	2	0	0	0	1	2	0	0	0	0	0	0	1	0	0
7	4	5	9	10	7	8	6	2	4	7	8	11	3	8	14	17	10	16	18	14	13	22	24	14	12	19	24	31	26	25	57	81	71	47	37	35	30	27	29	31	23	32	44	31	27	62	53	77	86	103	533	1206	385	196	284	269	210	183	135	89	113	62	36	33	37	27	40	55	48	85	151	125	47	64	54	28	61	29	35	25	27	36	47	49	53	27	15	11	9	19	12	10	14	15	12	16	16	8	10	10	17	5	3	7	13	16	27	8	8	7	8	2	8	7	2	1	8	4	6	7	5	3	8	2	3	4	2	4	4	0	2	2	4	7	5	5	8	3	5	5	1	4	5	3	5	2	0	2	1	2	2	1	1	3	2	6	5	2	0	2	1	1	3	4	3	1	1	1	4	1	1	1	0	0	1	1	0	0	0	0	1	2	2	0	3	1	1	1	0	1	1	0	0	0	0	0	2	1	2
6	5	5	4	2	3	7	4	5	3	6	5	14	5	6	6	11	8	9	16	9	10	15	12	9	10	6	14	14	21	20	38	30	37	33	34	20	20	19	19	17	24	17	27	21	20	35	42	40	54	84	209	385	664	230	261	184	117	143	89	55	67	41	29	29	24	32	32	36	51	57	68	63	28	21	27	20	28	18	15	13	18	25	24	18	18	28	9	10	11	9	14	11	11	9	14	9	30	13	7	14	19	8	20	7	19	30	133	11	11	9	3	7	3	2	2	9	4	7	1	5	5	3	1	3	4	9	7	4	5	1	2	4	4	1	2	5	3	0	2	6	5	1	0	3	0	4	2	2	3	1	5	3	2	2	0	2	2	1	1	1	0	1	1	2	3	3	3	0	1	0	0	0	5	1	0	0	0	1	2	0	0	1	1	0	0	0	2	1	0	0	0	0	0	0	1	0	0	0	0
7	5	10	6	3	6	2	5	10	7	2	7	4	7	3	7	9	4	12	7	16	5	23	15	20	15	9	19	12	9	22	27	35	25	21	19	24	18	15	10	16	26	18	14	24	22	41	25	38	52	70	144	196	230	502	385	217	110	90	78	58	65	28	43	35	22	29	36	36	39	33	65	56	18	23	19	19	31	18	19	10	11	17	29	14	21	13	9	12	14	7	12	7	13	14	9	15	6	10	7	10	20	4	16	8	59	172	92	19	14	8	8	3	10	10	4	7	3	6	4	3	4	2	1	4	4	0	2	3	8	4	4	1	3	0	7	5	0	4	1	1	5	5	2	4	2	2	1	4	7	1	3	2	3	4	1	4	2	1	1	0	1	3	1	4	2	0	0	0	1	2	2	1	1	3	0	0	2	1	0	0	0	1	0	0	0	0	0	0	1	0	0	0	0	0	0	0	0	0	1
13	14	12	9	1	7	5	9	8	8	10	16	11	11	11	8	12	14	13	17	14	10	16	14	15	20	19	23	18	19	34	54	50	53	35	26	28	28	29	33	24	31	52	34	31	30	71	56	55	93	87	249	284	261	385	1718	699	287	196	132	98	116	41	48	40	58	39	36	55	51	58	117	87	56	55	55	34	38	31	35	29	32	29	23	32	64	44	13	19	10	11	24	8	12	14	13	9	16	12	18	13	18	12	11	4	51	25	27	14	12	14	8	5	6	7	5	8	4	10	3	3	7	8	7	6	5	2	8	9	5	1	4	6	1	0	2	1	5	1	6	5	2	2	3	4	5	1	3	2	6	3	6	4	1	4	3	6	4	5	4	2	4	1	2	1	1	4	4	2	6	5	2	1	3	1	1	0	5	2	0	2	1	0	0	0	1	0	0	0	0	0	0	1	0	1	0	0	1	2	0
10	11	4	7	7	6	7	6	14	5	8	9	8	16	14	8	18	12	13	17	16	14	16	28	16	15	12	23	20	24	34	48	56	46	49	38	29	35	18	36	41	39	37	21	33	28	38	43	66	70	89	253	269	184	217	699	1828	570	277	178	108	115	79	43	38	35	30	58	60	69	107	118	105	71	56	62	42	55	44	32	34	23	33	36	39	42	38	16	15	19	18	19	13	18	8	17	15	17	7	14	22	15	7	10	4	17	10	13	12	8	4	12	10	9	5	4	4	3	4	9	7	6	10	5	4	5	5	8	8	8	2	5	7	8	8	10	1	2	4	6	5	7	3	2	5	5	4	4	0	2	10	2	4	2	4	3	3	6	1	1	1	2	0	2	0	1	2	3	0	5	3	2	3	1	2	3	0	0	4	0	0	0	0	1	2	3	1	0	0	0	1	1	2	0	0	0	0	1	0	3
7	6	4	6	2	1	10	17	10	8	5	6	8	8	6	6	3	5	12	8	14	11	11	15	11	13	12	23	24	14	29	38	49	35	37	31	31	25	27	27	27	27	26	22	28	23	44	33	36	73	57	167	210	117	110	287	570	1288	538	234	110	113	67	59	35	37	47	59	67	55	85	100	110	70	49	68	35	54	42	38	20	22	47	51	40	40	25	11	13	11	16	12	23	17	8	11	14	15	9	15	17	19	9	4	3	13	12	24	5	4	4	7	5	3	4	7	5	6	3	4	6	9	3	2	1	4	7	6	4	3	1	2	4	2	5	6	3	4	2	1	5	2	6	2	3	2	8	2	2	2	6	2	3	1	2	2	4	8	6	6	0	1	2	1	3	2	1	0	5	0	0	0	0	1	0	2	4	0	1	0	3	0	0	1	0	2	0	1	0	0	1	1	1	0	0	0	0	1	2	0
8	2	8	10	2	5	2	8	5	7	6	8	8	9	11	10	10	11	17	10	8	8	14	22	14	15	17	26	25	21	30	42	56	33	30	26	15	27	17	32	25	22	41	28	29	19	28	45	50	53	89	172	183	143	90	196	277	538	1472	555	186	134	88	80	51	81	43	74	101	95	140	176	137	98	68	64	55	51	36	48	34	34	32	58	49	44	48	15	15	18	22	11	8	17	16	11	22	16	20	14	12	17	7	7	6	5	5	12	6	9	10	3	1	8	3	3	4	4	5	2	5	4	9	3	6	8	5	3	4	3	3	2	10	7	5	11	4	0	4	2	5	4	7	6	2	6	0	3	4	1	5	5	4	2	5	3	6	3	7	1	2	1	4	4	0	1	2	1	1	2	4	3	3	3	1	0	1	0	1	3	2	0	0	0	0	0	0	0	0	1	1	0	0	0	1	0	0	0	3	3
5	5	10	9	5	9	5	10	7	4	6	3	6	4	6	1	9	18	10	8	15	16	23	17	12	13	12	12	13	16	30	28	51	37	30	32	19	22	21	23	24	20	20	22	33	16	26	26	54	74	71	178	135	89	78	132	178	234	555	1180	483	360	170	111	116	103	97	146	192	154	170	292	184	62	69	56	65	66	39	45	52	24	31	58	34	60	40	25	23	17	8	10	10	15	12	16	15	16	4	18	15	22	9	8	3	9	14	9	7	6	10	8	14	7	3	11	2	0	1	4	5	3	6	5	3	4	6	5	5	4	0	2	2	7	3	1	5	2	3	1	1	4	7	8	2	4	3	3	8	1	9	0	5	2	6	2	3	7	5	2	0	5	2	1	3	0	1	0	6	0	1	3	1	1	0	1	0	1	0	1	1	1	2	0	0	0	0	1	0	0	0	0	0	0	1	1	0	0	0	0
3	5	2	6	8	6	7	5	13	3	7	7	10	7	3	12	5	10	11	8	4	5	13	14	7	12	12	14	10	14	20	23	35	26	25	14	18	14	17	12	27	16	21	30	14	17	33	18	36	28	48	90	89	55	58	98	108	110	186	483	1104	640	216	118	118	115	84	176	193	157	173	270	145	85	66	59	57	50	34	31	42	32	22	44	35	52	25	11	16	20	8	13	7	7	15	11	13	14	9	13	14	9	6	14	4	2	10	7	2	8	9	6	3	2	4	2	6	4	3	2	4	2	6	4	6	2	3	5	2	1	5	2	3	4	1	7	7	2	2	1	2	2	0	3	2	3	1	0	2	2	3	5	2	1	0	3	1	5	3	1	0	0	2	0	3	2	0	0	2	1	2	1	1	0	3	0	0	0	1	0	0	5	0	0	0	0	1	1	0	0	1	1	2	0	2	0	0	0	0	1
8	6	7	9	7	6	12	8	7	3	9	7	8	10	8	10	13	3	9	10	14	6	11	14	11	7	6	13	10	15	20	23	46	29	18	21	13	20	16	13	23	9	32	12	24	22	31	22	24	52	48	127	113	67	65	116	115	113	134	360	640	2060	860	342	366	328	260	361	431	325	307	456	188	76	52	48	60	55	48	45	31	21	27	67	55	56	36	10	25	8	11	17	9	15	16	10	17	14	15	14	9	10	2	19	6	11	8	6	6	7	6	8	7	9	9	8	3	2	1	1	2	2	4	8	5	11	3	11	3	4	9	5	6	3	1	5	3	5	3	2	1	7	1	5	5	1	3	6	6	5	4	2	8	6	5	2	2	4	3	2	1	0	2	2	0	0	8	5	0	1	5	2	0	0	0	0	0	3	1	2	2	0	1	2	0	0	2	1	0	0	0	0	0	0	2	0	2	0	0	0
5	8	6	17	12	11	13	7	3	3	3	18	11	4	3	15	10	10	10	11	17	10	9	9	20	13	13	7	13	21	18	25	24	17	12	8	16	8	11	11	9	7	25	14	18	15	13	13	20	30	46	64	62	41	28	41	79	67	88	170	216	860	2380	817	566	418	267	396	353	253	257	340	110	40	32	49	31	43	25	18	11	13	19	40	30	39	38	13	12	12	7	17	7	12	9	21	18	9	9	14	17	20	3	15	4	4	7	8	5	4	10	5	11	4	4	5	4	7	4	2	2	6	6	7	1	3	4	6	3	6	5	8	2	6	8	8	2	0	3	3	2	5	1	3	2	4	3	4	1	0	4	4	7	15	7	3	6	5	3	1	4	1	1	1	3	1	1	0	0	1	3	2	1	4	1	0	0	0	1	1	1	0	0	0	0	0	1	0	0	0	2	0	2	0	2	0	0	0	3	0
4	9	13	14	6	21	10	3	2	9	6	4	11	4	5	9	9	7	3	8	11	7	10	11	8	8	20	10	9	14	14	16	16	12	9	2	4	13	5	5	8	13	8	11	5	10	14	11	4	23	19	50	36	29	43	48	43	59	80	111	118	342	817	1772	646	283	239	297	264	208	180	238	75	36	24	37	24	28	24	19	12	10	12	19	20	33	25	11	8	10	5	6	9	9	11	13	17	6	11	13	6	3	10	1	2	2	9	4	6	16	10	9	7	3	3	6	2	8	5	3	6	1	7	5	1	5	8	9	3	7	4	4	6	7	6	3	3	0	3	5	2	3	2	2	4	5	2	1	1	5	4	3	10	3	6	4	6	4	2	1	2	3	1	2	2	0	3	1	5	3	0	0	4	0	2	1	1	2	1	0	1	0	1	0	1	0	0	0	0	0	0	0	1	1	1	0	0	0	0	0
4	7	9	7	12	10	7	2	3	3	8	16	7	2	6	10	7	10	6	11	9	4	14	8	4	5	5	9	6	11	12	11	19	6	14	11	3	6	8	11	9	4	6	11	9	5	15	9	14	15	26	45	33	29	35	40	38	35	51	116	118	366	566	646	1900	508	380	337	291	230	201	226	63	28	18	12	17	28	15	10	10	11	15	13	15	21	17	4	7	12	5	14	1	7	7	10	4	15	6	7	9	5	7	3	3	4	5	2	4	5	4	3	2	8	3	3	3	5	4	4	3	7	4	4	4	0	1	11	10	2	5	2	4	4	2	2	3	7	5	2	0	2	2	1	2	2	3	1	1	1	2	2	9	7	3	2	3	5	4	0	3	2	0	0	0	2	2	0	2	2	2	3	0	0	0	0	0	0	0	1	0	1	0	1	1	2	0	0	0	1	1	0	0	0	0	0	1	0	0	1
5	3	15	12	8	18	5	4	7	2	13	10	9	8	10	12	9	6	3	11	18	10	10	14	2	2	3	5	10	6	6	15	17	7	16	8	6	4	5	10	3	6	7	10	8	7	19	11	19	19	23	44	37	24	22	58	35	37	81	103	115	328	418	283	508	1692	789	531	336	237	213	243	64	29	30	26	27	31	16	29	11	10	15	34	23	23	8	3	3	7	4	6	2	5	13	13	14	14	3	3	9	6	4	1	3	4	5	5	0	1	6	6	7	4	1	2	3	8	3	1	3	1	2	5	1	1	5	3	9	2	5	8	3	9	2	4	0	6	1	3	4	2	1	7	1	3	0	2	3	2	0	5	12	5	1	2	9	5	6	0	2	0	1	0	2	1	2	1	3	2	4	1	1	0	0	0	0	1	1	0	1	0	1	1	0	0	1	2	0	0	0	0	0	0	0	0	1	0	0	2
9	11	16	9	7	9	6	6	4	6	2	3	9	7	5	7	17	11	6	4	9	6	7	6	3	2	4	8	11	8	7	8	17	11	10	10	10	5	4	5	5	8	9	7	12	6	14	6	9	17	29	35	27	32	29	39	30	47	43	97	84	260	267	239	380	789	1640	713	333	210	191	188	62	41	34	24	15	35	21	8	13	8	15	26	27	18	16	10	11	5	15	4	8	9	2	8	6	11	10	9	4	9	0	5	4	3	7	4	3	5	9	6	9	5	6	5	2	3	0	4	0	0	8	3	3	4	1	8	8	2	3	4	3	5	3	5	2	0	4	1	0	0	1	1	2	1	2	3	0	3	1	1	8	2	4	3	2	7	0	1	0	0	2	2	0	1	4	1	0	2	2	1	0	1	0	1	1	0	3	1	1	0	0	0	0	0	0	0	0	0	0	0	0	0	0	0	0	0	0	0
7	9	11	6	7	10	9	11	4	1	10	6	9	7	8	9	10	6	14	8	11	11	14	6	10	6	8	14	8	5	21	26	13	20	8	17	9	8	1	4	8	4	5	13	4	9	15	22	12	20	30	36	40	32	36	36	58	59	74	146	176	361	396	297	337	531	713	2168	656	334	290	259	79	43	32	24	33	29	17	29	21	9	15	25	22	24	11	7	10	10	8	9	7	11	13	10	12	8	9	6	7	7	2	5	7	7	8	9	7	6	5	5	8	4	7	1	3	4	2	2	3	3	10	2	2	5	3	5	8	4	5	1	8	3	4	5	7	5	5	3	1	1	2	3	5	3	3	4	3	6	1	3	11	6	2	1	4	9	4	0	1	2	3	0	3	0	0	4	2	5	2	1	0	2	1	1	0	0	1	0	0	0	1	1	5	2	0	1	0	0	0	0	0	1	0	0	0	1	0	0
4	7	11	11	2	12	5	7	4	2	7	9	6	2	9	10	15	9	7	5	8	17	5	15	11	7	7	7	8	12	20	20	28	27	16	14	15	10	10	10	10	9	19	14	15	15	16	18	28	46	25	60	55	36	36	55	60	67	101	192	193	431	353	264	291	336	333	656	1882	788	504	441	113	51	59	39	32	32	21	26	28	18	30	32	33	32	21	7	16	13	5	10	8	10	3	19	22	15	9	12	3	8	4	5	3	7	6	5	4	8	10	3	7	7	4	5	3	4	3	3	1	1	7	9	5	8	2	5	4	6	2	3	3	4	4	7	5	4	2	4	3	2	3	2	7	1	1	3	3	4	4	6	8	8	3	3	4	8	2	2	3	0	0	2	4	0	0	0	1	3	6	2	4	0	1	0	3	0	1	0	1	0	0	2	1	0	0	1	0	0	0	1	0	0	0	0	0	0	0	0
9	8	8	13	13	10	8	2	4	3	4	8	11	6	7	11	5	17	3	13	7	4	12	10	6	9	9	15	12	13	13	16	18	16	23	12	15	11	9	9	10	8	12	18	15	5	13	15	17	24	33	71	48	51	39	51	69	55	95	154	157	325	253	208	230	237	210	334	788	2074	816	408	119	58	34	39	35	42	30	20	29	19	28	41	40	37	19	6	12	10	15	9	7	12	12	9	12	14	16	10	10	11	7	11	4	8	17	7	6	9	16	6	10	11	4	6	4	8	2	0	2	6	6	2	6	6	6	6	6	13	8	4	4	5	3	4	6	5	4	3	2	1	1	3	4	0	2	2	3	5	6	2	12	9	0	0	6	4	0	3	3	0	4	5	1	0	2	2	4	2	1	0	1	1	1	0	2	0	1	3	0	0	0	0	2	1	1	0	0	0	0	0	1	1	0	0	1	3	0	0
8	11	11	20	12	5	5	14	9	7	8	9	7	10	4	8	12	10	10	11	11	8	9	17	11	9	3	14	10	26	23	26	30	17	22	19	31	13	17	17	13	16	22	23	19	16	21	27	40	36	47	67	85	57	33	58	107	85	140	170	173	307	257	180	201	213	191	290	504	816	2704	966	205	84	69	73	52	49	48	44	33	41	31	54	33	60	37	10	28	18	9	20	13	10	16	20	12	19	8	18	6	18	14	9	4	4	8	5	6	7	10	10	9	6	7	10	9	4	9	8	8	7	9	11	4	9	1	5	7	6	4	5	11	4	7	3	10	2	9	2	1	1	1	3	9	2	0	4	5	5	2	4	14	2	5	8	6	7	3	3	5	3	3	3	1	2	5	1	1	3	1	2	0	1	3	2	4	0	0	2	1	0	0	0	1	0	1	1	1	0	0	2	0	2	1	0	0	0	1	1
2	13	9	8	10	6	7	10	12	10	10	15	12	13	9	10	8	10	12	15	8	14	14	12	10	7	11	11	17	19	18	46	40	32	31	27	29	15	21	16	21	20	28	24	14	15	35	24	37	61	56	154	151	68	65	117	118	100	176	292	270	456	340	238	226	243	188	259	441	408	966	2000	385	119	90	83	77	84	54	46	36	43	48	64	45	80	45	9	15	18	16	15	15	18	21	24	15	11	15	14	12	10	5	11	5	9	8	6	8	8	14	6	7	11	5	5	8	7	5	3	6	7	9	4	9	2	2	5	9	4	5	7	2	2	5	4	4	0	4	3	2	7	3	2	2	2	3	7	5	3	3	6	9	3	5	1	7	6	3	3	4	0	1	7	5	0	4	4	1	0	7	6	2	1	0	2	3	0	0	3	2	0	2	0	0	0	1	0	0	0	0	0	1	2	1	0	0	0	0	0
9	5	8	3	2	7	3	3	5	6	3	0	10	5	9	2	12	4	8	8	11	10	5	13	17	14	9	11	14	15	11	30	53	52	36	23	22	30	28	26	23	17	38	27	29	27	39	51	39	55	66	112	125	63	56	87	105	110	137	184	145	188	110	75	63	64	62	79	113	119	205	385	1118	357	166	153	102	112	83	79	60	50	53	104	79	80	42	12	30	21	14	16	14	10	16	18	16	13	8	24	13	25	13	15	11	13	12	11	19	13	13	8	9	2	3	6	5	8	8	1	7	6	4	1	1	5	1	3	2	5	4	4	7	2	2	4	2	6	8	6	1	5	6	0	2	3	0	1	7	2	7	2	3	1	3	3	1	2	6	0	2	5	1	1	2	2	5	1	5	1	3	5	2	2	3	1	2	4	2	0	2	0	3	0	0	0	0	0	0	0	0	0	1	0	0	0	0	0	1	1
8	6	3	0	4	4	5	6	8	4	0	4	1	2	5	1	5	7	6	4	11	9	13	11	13	19	21	17	11	14	16	36	24	37	38	32	25	24	35	21	24	25	27	32	26	22	35	41	36	48	32	65	47	28	18	56	71	70	98	62	85	76	40	36	28	29	41	43	51	58	84	119	357	964	325	192	130	108	81	63	56	50	81	96	78	93	60	16	31	17	30	16	19	26	17	20	13	11	8	5	20	17	8	17	11	14	10	11	13	9	5	5	2	13	9	16	10	10	6	2	3	6	6	8	1	2	3	3	7	4	3	4	4	3	1	2	2	2	4	3	3	7	4	4	7	8	5	5	6	1	2	2	3	1	0	3	8	2	8	0	4	6	1	0	6	1	5	0	3	3	1	3	1	5	0	1	1	2	1	0	1	0	1	1	2	0	0	1	0	0	2	0	0	0	2	0	1	0	1	1
2	5	2	1	2	4	3	1	10	9	2	4	5	6	5	4	1	7	3	2	11	9	7	22	8	15	6	14	14	14	15	23	32	32	35	31	17	27	21	22	29	16	26	36	17	25	39	30	33	49	38	32	64	21	23	55	56	49	68	69	66	52	32	24	18	30	34	32	59	34	69	90	166	325	800	379	166	108	101	95	61	56	68	88	89	73	74	16	34	20	28	26	19	21	17	24	12	22	18	18	16	25	9	12	6	15	8	7	13	12	3	6	2	3	5	14	4	10	4	4	4	14	4	5	6	1	1	1	2	3	4	5	1	0	5	2	3	0	1	1	2	10	4	5	6	4	3	1	2	2	3	5	5	2	3	4	1	2	1	2	0	0	1	5	0	5	6	4	5	3	1	0	2	1	4	2	0	4	4	2	2	1	0	1	2	0	4	2	0	0	0	0	4	1	0	0	0	0	2	0
3	6	3	1	1	5	4	1	8	3	7	2	3	5	5	6	16	6	9	8	12	12	24	15	20	21	15	24	26	15	9	22	33	42	30	36	35	38	28	41	32	43	29	46	30	23	38	33	34	24	38	42	54	27	19	55	62	68	64	56	59	48	49	37	12	26	24	24	39	39	73	83	153	192	379	1118	440	184	146	139	76	71	97	104	112	114	74	18	45	26	34	24	26	21	27	4	16	15	20	18	19	15	8	21	13	21	8	10	22	15	6	12	7	13	7	11	9	8	10	11	2	8	3	5	4	6	2	2	5	6	1	2	5	0	2	5	7	1	5	8	10	1	4	4	3	12	3	6	2	3	3	4	4	0	0	6	2	4	1	0	3	2	3	2	4	4	3	1	6	2	1	3	3	9	4	3	2	2	3	1	1	1	0	2	0	2	1	1	0	0	2	1	1	0	2	2	0	3	0	2
3	7	3	2	1	4	4	4	9	6	3	1	0	13	5	5	3	4	2	10	10	5	12	12	18	16	15	5	18	11	14	14	18	22	32	21	16	28	15	20	17	17	37	27	19	13	26	27	30	23	29	42	28	20	19	34	42	35	55	65	57	60	31	24	17	27	15	33	32	35	52	77	102	130	166	440	812	378	191	159	87	93	97	154	126	126	92	25	47	44	36	18	30	24	28	32	17	13	12	22	19	22	12	19	8	23	12	11	6	12	7	5	8	4	4	3	12	11	6	12	8	5	6	6	2	2	2	3	6	3	0	4	1	5	2	0	6	6	7	7	2	4	1	4	8	4	6	6	6	8	2	5	2	2	3	1	8	2	3	4	3	1	3	5	1	2	3	5	2	0	1	0	0	5	1	1	1	1	3	2	1	0	1	0	1	0	1	2	1	0	0	2	1	1	0	1	2	0	0	2
2	2	5	4	1	5	6	5	4	5	6	5	7	5	1	7	7	9	11	6	7	6	14	12	9	9	15	15	15	17	12	18	32	26	28	14	21	25	18	21	23	21	33	22	24	15	27	44	26	33	30	49	61	28	31	38	55	54	51	66	50	55	43	28	28	31	35	29	32	42	49	84	112	108	108	184	378	1114	389	234	123	101	109	221	137	154	102	28	53	39	28	54	21	35	27	29	25	24	16	17	23	38	8	17	14	18	14	8	10	9	10	4	13	9	6	9	3	8	9	4	5	6	11	3	2	8	9	0	7	3	5	3	1	5	2	6	4	0	4	5	2	2	1	6	8	3	4	1	1	0	7	2	4	3	6	4	4	6	3	2	4	4	4	5	1	1	8	2	3	1	2	3	1	6	0	3	4	2	1	2	3	0	0	0	0	0	2	0	1	0	2	0	0	0	0	0	0	0	0	1
3	4	4	4	2	2	4	0	1	4	5	5	5	6	8	2	6	4	11	9	5	8	5	7	9	10	20	21	15	24	8	18	26	21	25	19	25	16	22	26	19	20	25	19	13	19	23	31	21	24	23	40	29	18	18	31	44	42	36	39	34	48	25	24	15	16	21	17	21	30	48	54	83	81	101	146	191	389	1056	451	157	113	117	142	125	129	95	27	54	38	20	20	24	26	21	19	15	13	15	19	20	24	7	15	10	8	8	5	13	9	4	2	8	7	8	5	9	11	14	12	8	3	6	11	5	1	4	3	5	4	2	9	3	3	1	4	3	2	2	4	1	5	9	6	1	4	2	4	4	7	5	4	1	1	2	1	3	4	2	0	0	2	0	4	8	2	6	2	3	3	0	6	2	6	3	1	1	4	0	3	2	2	0	2	0	0	1	0	0	0	0	1	1	0	1	0	0	4	0	0
6	6	2	0	3	3	3	4	3	4	4	5	4	2	3	4	7	3	4	7	2	12	11	7	17	17	13	10	13	13	15	14	19	17	20	41	22	22	17	24	26	25	29	29	17	15	22	24	36	23	35	34	35	15	19	35	32	38	48	45	31	45	18	19	10	29	8	29	26	20	44	46	79	63	95	139	159	234	451	982	340	161	158	170	118	113	94	25	46	21	27	43	22	28	31	14	21	16	19	25	23	29	13	21	10	20	7	9	14	13	9	2	4	4	6	4	12	15	6	9	11	7	3	7	1	2	1	3	3	1	4	6	0	1	4	0	4	4	2	10	5	6	4	4	6	5	6	7	6	1	2	4	2	0	1	3	3	9	1	4	2	5	2	5	7	1	3	2	2	0	1	3	0	1	1	0	4	3	1	1	3	0	0	1	0	0	0	0	0	4	0	1	5	0	1	0	0	3	1	0
7	3	4	0	4	3	2	4	4	4	1	8	5	3	4	4	0	2	8	7	6	10	7	10	13	6	13	10	12	15	5	9	15	21	31	13	23	14	19	15	16	11	17	28	20	16	18	17	26	17	11	16	25	13	10	29	34	20	34	52	42	31	11	12	10	11	13	21	28	29	33	36	60	56	61	76	87	123	157	340	640	232	126	134	103	119	50	23	39	37	22	24	18	22	21	16	13	10	14	10	18	17	7	21	6	14	4	11	6	19	3	3	5	8	4	4	3	6	13	7	6	4	14	5	3	3	2	4	2	1	4	1	3	1	5	4	0	0	4	2	2	11	3	4	4	3	4	6	5	4	4	1	3	0	1	4	6	2	4	1	4	3	2	3	4	5	2	1	1	3	2	3	1	0	3	0	2	1	2	0	2	2	2	0	1	1	0	1	0	0	0	1	0	0	1	1	0	1	1	0
3	4	1	2	1	4	0	3	3	4	0	4	5	2	5	4	3	0	4	4	5	2	4	7	6	5	8	11	11	8	3	8	6	21	21	17	20	19	17	15	19	10	23	21	17	13	17	19	19	17	13	23	27	18	11	32	23	22	34	24	32	21	13	10	11	10	8	9	18	19	41	43	50	50	56	71	93	101	113	161	232	578	304	153	97	103	58	26	32	36	43	17	24	33	19	17	19	9	18	17	17	26	7	15	10	13	5	9	13	15	6	10	8	7	7	5	10	6	7	16	3	5	5	6	3	9	3	2	0	0	1	3	3	1	0	0	0	4	8	2	4	7	4	8	6	4	5	1	1	1	1	4	4	1	3	3	1	1	2	1	3	3	1	1	2	0	2	2	4	1	0	0	1	0	1	1	3	1	2	1	1	2	1	2	0	0	1	0	0	1	0	0	1	0	0	1	3	0	1	1
7	10	5	1	0	2	0	2	6	4	3	4	7	3	6	6	7	4	6	6	3	8	9	7	8	8	13	11	10	18	7	16	12	28	21	27	27	29	27	8	21	27	27	22	23	24	23	24	29	25	21	24	36	25	17	29	33	47	32	31	22	27	19	12	15	15	15	15	30	28	31	48	53	81	68	97	97	109	117	158	126	304	908	399	163	150	114	28	47	39	40	41	23	35	26	28	21	23	19	21	24	26	17	13	11	25	10	7	11	13	10	3	4	5	8	10	4	11	10	1	7	6	2	12	1	5	3	6	3	5	3	5	7	3	5	6	9	3	6	4	7	3	3	6	3	4	12	3	1	6	5	0	3	3	1	3	3	7	1	4	1	2	0	2	4	2	5	0	0	1	2	2	0	6	4	2	5	1	1	3	0	0	0	1	1	1	1	0	1	1	0	3	0	0	2	0	0	0	0	0
11	10	3	4	0	3	3	1	3	4	4	10	7	7	12	2	3	10	17	9	8	9	17	8	18	13	10	7	17	16	9	14	38	18	28	22	18	30	18	30	18	16	21	15	19	18	19	25	26	44	35	42	47	24	29	23	36	51	58	58	44	67	40	19	13	34	26	25	32	41	54	64	104	96	88	104	154	221	142	170	134	153	399	1412	410	211	150	65	83	50	52	49	39	51	36	42	30	33	32	19	45	23	18	35	14	28	13	16	22	10	10	8	12	7	6	12	13	19	6	9	11	9	5	8	5	9	3	8	4	4	5	5	9	2	6	1	4	4	11	3	7	16	7	5	10	5	8	7	4	5	4	4	6	6	6	3	5	4	5	3	1	11	5	6	7	1	3	5	1	1	3	3	2	4	1	3	5	0	1	5	1	3	1	1	3	0	3	1	0	1	0	2	0	1	0	2	0	0	0	2
9	8	1	2	0	0	1	0	3	6	2	4	8	7	4	3	3	5	7	7	11	13	8	11	10	7	8	17	7	20	16	19	29	24	27	19	17	18	20	24	20	17	24	19	23	13	21	25	31	30	30	59	49	18	14	32	39	40	49	34	35	55	30	20	15	23	27	22	33	40	33	45	79	78	89	112	126	137	125	118	103	97	163	410	946	484	225	48	76	61	53	66	43	39	48	32	22	26	23	16	39	41	9	15	22	25	8	7	13	20	5	8	3	1	4	9	13	11	4	3	15	9	12	6	2	7	4	7	5	6	2	5	2	2	4	4	4	2	1	4	3	5	7	8	4	8	1	3	2	2	8	5	3	3	0	5	3	3	6	3	5	0	2	1	1	3	1	2	1	6	2	3	2	2	1	2	2	5	1	1	0	2	0	0	2	2	0	0	2	1	0	0	0	1	0	1	1	0	0	0
7	7	10	0	3	5	3	6	4	4	4	6	2	5	9	7	3	6	6	6	6	15	6	10	11	17	11	11	12	16	13	19	45	28	36	12	34	19	22	27	25	19	30	29	30	20	19	38	22	28	32	38	53	18	21	64	42	40	44	60	52	56	39	33	21	23	18	24	32	37	60	80	80	93	73	114	126	154	129	113	119	103	150	211	484	1456	565	70	122	78	85	89	58	46	47	40	47	51	27	45	41	52	32	28	13	24	11	18	31	26	15	11	9	11	12	18	11	17	17	9	12	7	15	6	7	7	5	4	5	5	8	11	7	7	6	3	4	4	8	7	10	3	9	6	1	10	3	4	7	1	5	7	4	1	7	7	6	5	3	4	7	1	4	3	10	4	2	3	5	2	7	4	4	1	4	2	2	2	3	1	1	0	0	1	0	1	0	1	1	3	2	0	2	6	0	2	2	1	1	0
7	8	4	1	3	3	3	2	7	6	4	4	5	4	2	11	4	3	8	4	9	6	13	3	12	11	21	13	13	18	7	25	30	32	17	19	16	20	17	28	22	20	21	20	30	29	19	21	20	20	33	42	27	28	13	44	38	25	48	40	25	36	38	25	17	8	16	11	21	19	37	45	42	60	74	74	92	102	95	94	50	58	114	150	225	565	1312	193	170	120	86	111	41	71	62	44	40	38	26	35	42	47	21	42	23	38	11	21	25	31	10	13	11	11	6	9	22	19	16	10	11	8	9	9	5	5	7	4	6	6	4	4	2	4	2	0	4	6	7	8	9	6	6	6	9	9	6	5	7	7	3	0	3	6	3	7	4	2	6	2	6	2	4	2	3	0	2	5	3	2	1	1	5	5	5	2	3	4	4	1	3	2	1	1	2	0	0	0	1	0	1	1	1	0	4	0	0	2	1	0
2	8	2	1	1	4	0	1	0	1	2	0	3	2	1	1	1	1	6	1	1	5	6	12	3	5	6	6	3	7	3	4	8	5	9	7	14	7	4	9	9	6	7	6	6	7	15	6	13	9	14	12	15	9	9	13	16	11	15	25	11	10	13	11	4	3	10	7	7	6	10	9	12	16	16	18	25	28	27	25	23	26	28	65	48	70	193	192	180	57	54	55	19	24	27	23	17	23	22	25	22	34	16	19	9	13	7	10	12	9	6	4	6	5	5	8	4	8	5	2	8	2	3	2	3	4	4	2	1	4	2	2	5	2	1	3	1	2	8	2	4	3	2	5	3	5	2	6	2	1	6	3	4	1	0	1	1	3	0	2	1	3	0	3	1	1	2	0	2	1	2	0	2	1	4	1	2	1	0	1	2	0	1	0	0	0	0	1	0	0	0	1	0	0	0	0	1	0	0	0
5	4	2	1	1	0	2	4	1	2	2	3	7	5	5	2	6	1	5	3	6	8	8	10	13	10	15	13	16	12	6	11	11	25	22	20	20	13	18	14	13	18	19	28	13	10	19	18	16	27	8	20	11	10	12	19	15	13	15	23	16	25	12	8	7	3	11	10	16	12	28	15	30	31	34	45	47	53	54	46	39	32	47	83	76	122	170	180	842	367	189	148	89	80	79	86	62	64	71	85	87	112	41	35	18	39	25	28	37	31	17	17	18	3	20	17	12	7	6	19	11	17	10	6	7	1	9	8	9	2	7	3	4	3	5	1	2	1	10	9	5	9	9	15	6	3	6	7	6	2	6	9	2	4	2	3	1	5	1	2	0	1	6	4	7	1	6	3	7	6	7	3	4	3	0	4	1	2	0	4	0	2	1	4	1	3	1	1	0	0	3	1	1	2	0	0	3	0	0	0
4	3	2	4	2	2	2	2	1	5	5	3	2	5	3	1	4	4	6	5	4	6	11	6	11	18	6	9	4	13	6	14	9	14	12	19	4	16	16	9	12	21	20	13	19	8	12	17	17	14	18	11	9	11	14	10	19	11	18	17	20	8	12	10	12	7	5	10	13	10	18	18	21	17	20	26	44	39	38	21	37	36	39	50	61	78	120	57	367	736	316	163	96	103	95	80	56	63	52	64	85	88	39	45	22	24	18	17	38	23	16	12	12	12	3	24	11	13	13	8	14	14	6	11	6	10	3	3	0	7	7	1	3	2	2	5	4	7	7	6	9	11	3	4	10	8	4	5	3	8	2	4	3	3	4	11	6	2	2	4	0	2	2	5	2	2	4	1	3	3	2	1	2	7	3	0	5	3	2	0	0	1	2	1	0	1	1	1	0	2	1	0	2	0	0	1	0	1	4	1
0	2	3	2	1	4	4	3	5	3	4	2	2	3	4	7	5	3	4	3	1	11	8	16	5	10	7	7	4	13	7	5	19	11	17	16	13	8	8	12	19	17	14	11	17	13	15	16	10	14	10	13	19	9	7	11	18	16	22	8	8	11	7	5	5	4	15	8	5	15	9	16	14	30	28	34	36	28	20	27	22	43	40	52	53	85	86	54	189	316	808	357	122	115	114	74	64	69	49	72	80	95	41	54	29	28	15	16	41	47	16	8	8	14	10	16	10	13	12	14	14	11	6	3	7	9	8	9	4	4	7	3	5	2	4	3	6	5	6	5	6	13	4	8	6	6	6	2	8	12	4	3	0	3	3	5	3	3	10	3	2	1	2	4	4	2	3	3	4	4	2	0	0	3	2	4	0	4	1	2	0	1	0	0	0	0	1	1	1	0	1	1	0	0	1	0	0	1	1	1
4	8	6	4	6	3	1	4	1	4	6	3	4	3	6	5	1	5	2	6	8	7	9	4	10	4	4	20	5	12	5	15	14	14	25	15	13	7	11	21	17	21	16	16	10	10	6	18	15	26	22	10	12	14	12	24	19	12	11	10	13	17	17	6	14	6	4	9	10	9	20	15	16	16	26	24	18	54	20	43	24	17	41	49	66	89	111	55	148	163	357	1094	339	193	142	130	94	82	96	117	167	163	64	59	27	33	23	22	54	39	15	13	17	17	10	14	20	19	23	9	25	15	8	10	4	16	3	4	6	4	5	16	4	4	5	2	3	3	9	12	10	8	8	2	7	7	9	4	6	14	17	3	11	3	8	4	5	6	4	4	2	3	4	3	3	1	2	2	4	7	2	1	1	4	1	2	1	3	0	3	1	0	1	2	1	0	2	0	0	2	3	2	0	0	2	0	0	2	0	0
4	3	0	1	4	1	2	4	3	8	1	6	0	4	3	2	3	3	5	2	1	11	5	5	10	7	10	7	3	10	10	11	16	14	20	11	15	14	10	12	16	8	8	13	14	9	10	13	17	12	9	8	10	11	7	8	13	23	8	10	7	9	7	9	1	2	8	7	8	7	13	15	14	19	19	26	30	21	24	22	18	24	23	39	43	58	41	19	89	96	122	339	748	355	170	129	90	95	72	74	73	89	44	48	26	30	11	19	36	33	14	12	11	14	11	18	20	22	12	12	13	17	8	10	5	4	2	7	6	5	15	7	5	2	7	2	4	3	8	7	9	6	4	1	3	9	6	5	6	2	5	2	4	0	5	8	2	4	7	3	3	3	8	3	2	5	3	0	3	2	2	1	2	1	1	3	3	0	2	1	0	0	1	0	0	1	1	0	0	0	1	2	0	0	0	0	2	0	1	2
4	4	1	1	4	1	1	2	1	2	3	2	1	3	5	3	5	11	8	2	7	5	4	10	6	5	11	9	10	19	5	8	9	14	23	16	9	13	9	7	9	7	11	15	10	6	14	13	18	14	5	7	14	11	13	12	18	17	17	15	7	15	12	9	7	5	9	11	10	12	10	18	10	26	21	21	24	35	26	28	22	33	35	51	39	46	71	24	80	103	115	193	355	966	391	201	123	104	82	115	102	101	54	54	29	60	25	18	36	34	31	14	17	25	9	15	14	11	16	15	15	15	7	11	7	10	7	1	5	6	8	9	3	4	3	5	10	8	9	7	7	8	6	5	8	9	8	3	8	9	8	7	9	3	3	7	5	3	11	2	4	7	1	5	2	5	6	3	0	3	2	0	2	4	0	3	1	1	0	2	0	0	3	1	0	0	1	0	0	0	0	0	0	1	1	1	0	0	2	1
5	2	2	4	1	2	12	4	4	1	3	7	5	8	5	4	2	5	9	6	2	5	8	10	7	10	9	12	8	11	9	8	11	2	13	12	14	10	15	11	15	12	10	11	10	6	10	7	15	24	9	11	15	9	14	14	8	8	16	12	15	16	9	11	7	13	2	13	3	12	16	21	16	17	17	27	28	27	21	31	21	19	26	36	48	47	62	27	79	95	114	142	170	391	1358	473	263	175	135	134	147	134	50	64	32	49	23	27	50	50	32	25	18	25	14	17	11	23	16	18	23	24	12	22	7	13	11	10	9	5	14	9	11	5	8	5	7	5	18	6	11	10	6	11	4	3	6	6	6	7	7	1	3	7	7	5	8	7	3	4	1	4	7	13	1	7	5	2	1	3	4	4	4	4	3	2	4	1	4	2	1	1	1	0	2	0	1	0	1	0	0	1	1	1	0	0	0	1	0	0
10	3	5	8	5	2	6	5	7	6	7	4	6	4	8	4	6	5	8	4	8	12	6	17	5	16	8	12	11	5	10	14	11	4	12	8	10	5	7	11	14	4	10	7	8	18	17	16	13	11	18	18	12	14	9	13	17	11	11	16	11	10	21	13	10	13	8	10	19	9	20	24	18	20	24	4	32	29	19	14	16	17	28	42	32	40	44	23	86	80	74	130	129	201	473	1566	588	332	176	183	162	169	57	73	32	49	21	38	34	50	42	31	41	45	27	18	14	16	19	24	15	22	19	17	13	9	13	28	13	12	17	15	16	16	8	8	9	5	11	3	3	6	7	12	7	9	9	7	8	4	8	7	6	8	10	7	9	6	8	5	4	3	1	6	3	1	3	2	4	0	3	3	0	3	3	3	3	0	2	4	1	0	4	0	0	0	0	0	0	0	1	1	0	0	2	0	1	0	2	1
7	6	10	14	6	8	6	7	6	3	4	8	5	7	3	5	20	12	4	5	7	7	11	7	11	11	6	4	8	7	4	20	6	10	13	6	8	6	10	6	9	4	10	10	9	1	20	9	18	13	14	22	16	9	15	9	15	14	22	15	13	17	18	17	4	14	6	12	22	12	12	15	16	13	12	16	17	25	15	21	13	19	21	30	22	47	40	17	62	56	64	94	90	123	263	588	1520	481	198	177	154	145	53	66	36	37	20	26	42	43	42	31	39	17	21	20	21	16	21	16	20	25	29	14	16	13	16	12	17	13	11	15	12	11	11	14	12	12	7	3	4	4	9	9	4	8	9	4	9	9	7	1	7	10	11	6	12	13	8	3	3	5	2	7	0	5	1	5	4	1	7	3	2	1	0	4	2	2	1	2	2	0	0	1	0	0	0	0	0	1	0	0	0	0	0	3	1	2	1	1
4	4	9	2	3	1	5	7	7	7	7	6	7	6	4	3	6	2	7	13	14	9	12	11	6	5	7	8	10	11	15	13	9	16	7	14	6	5	5	9	6	8	7	12	6	11	16	9	10	11	12	14	16	30	6	16	17	15	16	16	14	14	9	6	15	14	11	8	15	14	19	11	13	11	22	15	13	24	13	16	10	9	23	33	26	51	38	23	64	63	69	82	95	104	175	332	481	1434	436	340	309	305	74	82	45	63	45	43	66	57	41	45	29	32	28	18	20	19	11	17	18	21	28	25	12	17	8	19	15	10	16	10	10	15	5	13	17	10	8	16	9	9	7	7	6	5	4	1	9	11	11	5	13	9	7	4	8	8	7	1	2	7	2	3	5	3	1	1	2	4	3	6	0	5	0	3	4	4	2	1	2	0	2	0	0	0	0	0	1	2	0	0	1	0	0	0	2	0	3	1
4	5	4	3	1	5	5	6	2	3	5	2	5	5	0	5	3	6	3	3	6	9	5	9	2	4	10	9	7	6	12	7	10	7	8	7	8	9	12	17	8	3	6	14	4	5	6	10	13	17	6	9	8	13	10	12	7	9	20	4	9	15	9	11	6	3	10	9	9	16	8	15	8	8	18	20	12	16	15	19	14	18	19	32	23	27	26	22	71	52	49	96	72	82	135	176	198	436	974	493	290	272	65	63	14	37	32	41	57	53	37	28	23	33	20	18	15	16	18	16	16	18	23	17	6	20	5	19	5	20	11	11	11	7	7	4	8	13	10	3	8	4	3	3	5	3	8	8	13	3	2	6	8	6	7	7	10	3	6	0	9	3	1	8	6	6	3	3	3	3	1	4	1	2	1	2	2	1	2	2	1	0	3	1	1	0	1	0	0	2	0	0	0	1	3	0	0	1	1	0
4	2	1	3	2	3	1	3	2	2	4	3	1	6	3	2	7	1	0	12	6	11	10	8	8	5	6	11	6	16	14	11	5	8	11	4	4	5	10	6	7	11	5	9	5	9	8	13	10	7	10	21	10	7	7	18	14	15	14	18	13	14	14	13	7	3	9	6	12	10	18	14	24	5	18	18	22	17	19	25	10	17	21	19	16	45	35	25	85	64	72	117	74	115	134	183	177	340	493	1098	542	284	97	82	24	36	33	40	51	63	52	41	28	28	16	24	22	23	22	16	29	23	22	20	16	16	9	21	12	22	10	14	22	15	13	5	9	5	5	6	12	11	8	2	7	5	6	8	10	8	14	12	7	6	6	13	3	9	6	6	2	2	5	6	3	1	1	1	4	3	1	1	1	4	3	0	1	0	1	1	5	1	0	0	0	2	0	0	2	0	0	0	0	1	0	0	0	1	2	0
7	3	2	3	1	5	3	6	4	1	3	6	5	5	9	2	6	6	3	7	3	8	6	10	10	12	11	8	7	11	5	11	15	8	11	10	9	12	17	13	8	13	10	13	6	11	10	11	7	11	13	11	10	14	10	13	22	17	12	15	14	9	17	6	9	9	4	7	3	10	6	12	13	20	16	19	19	23	20	23	18	17	24	45	39	41	42	22	87	85	80	167	73	102	147	162	154	309	290	542	1362	635	150	112	54	66	39	39	79	82	43	36	27	25	25	35	23	32	23	20	39	30	16	11	12	12	10	8	10	10	7	18	8	12	5	11	11	9	16	15	11	17	6	7	10	12	9	3	6	6	10	11	9	7	6	4	8	7	5	3	1	2	4	0	3	7	4	6	2	2	4	2	1	2	1	2	2	3	1	2	0	2	1	1	4	0	1	1	1	1	2	0	0	2	1	0	3	4	2	3
2	6	8	3	0	5	6	3	5	1	4	8	8	4	3	6	4	8	12	8	6	7	15	13	7	10	11	12	7	9	4	4	8	10	13	7	7	8	9	18	15	6	14	17	7	6	16	5	11	23	10	20	17	19	20	18	15	19	17	22	9	10	20	3	5	6	9	7	8	11	18	10	25	17	25	15	22	38	24	29	17	26	26	23	41	52	47	34	112	88	95	163	89	101	134	169	145	305	272	284	635	1464	347	186	68	103	64	93	136	103	57	41	47	30	28	41	26	34	27	18	39	18	31	26	10	19	11	11	16	16	5	22	6	8	11	11	4	10	19	9	15	14	6	10	3	14	9	6	7	11	15	12	8	15	8	4	6	2	15	4	6	1	3	9	2	0	5	0	1	5	1	1	2	6	4	0	5	1	0	0	4	0	2	1	0	0	2	0	0	1	1	0	1	0	0	0	1	2	2	1
4	2	5	0	1	3	2	0	5	4	5	4	4	4	5	4	0	2	5	4	3	1	6	5	10	8	6	5	7	6	4	6	6	6	13	9	5	9	5	9	3	8	6	8	4	7	4	5	15	6	10	6	5	8	4	12	7	9	7	9	6	2	3	10	7	4	0	2	4	7	14	5	13	8	9	8	12	8	7	13	7	7	17	18	9	32	21	16	41	39	41	64	44	54	50	57	53	74	65	97	150	347	616	301	78	91	61	86	79	87	42	30	23	22	14	21	23	35	25	19	22	17	23	13	11	12	4	9	6	8	11	8	4	9	4	2	7	7	5	12	10	9	5	10	11	3	5	3	4	7	8	5	4	5	6	1	3	5	3	6	2	1	2	5	1	7	1	1	5	1	1	2	1	1	0	1	0	2	5	5	2	2	0	1	0	0	0	0	1	0	0	0	1	0	1	2	0	0	0	0
6	2	0	5	5	2	3	4	4	4	8	4	4	4	2	1	1	10	5	2	5	6	7	6	11	7	7	6	10	14	3	5	4	9	4	6	7	10	6	10	6	11	15	10	18	7	5	10	13	16	9	16	3	20	16	11	10	4	7	8	14	19	15	1	3	1	5	5	5	11	9	11	15	17	12	21	19	17	15	21	21	15	13	35	15	28	42	19	35	45	54	59	48	54	64	73	66	82	63	82	112	186	301	1212	273	163	109	135	180	159	93	40	38	28	30	27	27	35	30	34	32	39	21	17	15	14	5	7	13	3	12	15	9	7	7	7	11	11	11	11	16	9	17	13	9	5	14	4	12	9	9	8	4	2	7	11	11	2	2	4	4	2	3	5	4	4	11	2	3	1	2	6	2	1	3	3	4	2	5	1	2	1	4	2	0	2	0	0	2	3	0	0	0	1	0	1	1	4	1	0
0	2	0	1	1	0	0	1	2	3	5	1	2	1	4	4	2	2	2	1	6	7	5	2	6	0	7	4	4	7	1	6	5	2	11	7	11	1	5	5	5	8	8	6	4	2	0	4	9	6	5	6	7	7	8	4	4	3	6	3	4	6	4	2	3	3	4	7	3	4	4	5	11	11	6	13	8	14	10	10	6	10	11	14	22	13	23	9	18	22	29	27	26	29	32	32	36	45	14	24	54	68	78	273	376	208	68	77	78	63	29	26	17	16	12	19	24	18	33	13	31	20	14	20	13	10	3	4	3	4	15	8	4	2	4	0	8	3	6	7	0	7	1	5	7	0	4	5	2	3	6	8	3	6	5	5	0	2	6	6	4	0	4	4	4	1	4	0	1	0	4	1	1	3	3	0	0	2	0	1	7	3	0	1	1	0	0	0	1	0	0	0	0	0	0	0	0	0	0	0
3	2	5	0	4	5	3	3	2	4	4	7	5	2	12	1	4	4	6	5	1	6	3	6	4	8	8	4	4	10	4	3	8	11	7	12	11	7	14	2	5	12	6	6	9	8	14	8	9	11	9	11	13	19	59	51	17	13	5	9	2	11	4	2	4	4	3	7	7	8	4	9	13	14	15	21	23	18	8	20	14	13	25	28	25	24	38	13	39	24	28	33	30	60	49	49	37	63	37	36	66	103	91	163	208	886	188	130	160	113	80	49	50	21	16	29	41	29	42	23	28	26	18	13	9	16	5	8	11	9	8	7	5	7	6	12	11	6	6	15	13	21	12	12	16	6	11	10	1	8	9	7	4	5	4	6	10	4	5	9	3	2	6	7	6	0	15	4	6	8	3	6	4	1	1	3	3	1	0	1	2	0	3	1	1	1	0	0	0	1	0	1	1	0	3	0	2	3	1	2
3	2	1	1	2	1	0	4	5	1	6	3	3	4	4	1	1	2	2	6	6	3	5	3	5	9	2	5	4	5	3	9	5	6	5	4	11	10	4	6	2	10	12	4	6	3	8	7	10	5	7	7	16	30	172	25	10	12	5	14	10	8	7	9	5	5	7	8	6	17	8	8	12	10	8	8	12	14	8	7	4	5	10	13	8	11	11	7	25	18	15	23	11	25	23	21	20	45	32	33	39	64	61	109	68	188	282	124	109	83	47	26	28	19	25	28	10	17	20	17	21	12	26	11	13	9	6	9	5	7	9	8	2	4	13	8	4	7	8	7	3	6	10	3	9	4	8	8	5	1	4	2	1	4	3	5	5	3	3	0	6	1	1	3	2	0	1	3	2	1	2	1	2	6	1	1	4	0	1	0	1	0	1	0	0	1	0	0	0	1	2	1	0	0	0	0	0	1	0	0
4	0	0	0	0	1	5	0	7	1	3	3	3	2	1	1	0	4	4	1	2	4	4	9	2	0	1	5	12	7	4	8	6	12	8	11	3	7	6	10	8	7	5	3	2	6	8	7	7	4	5	15	27	133	92	27	13	24	12	9	7	6	8	4	2	5	4	9	5	7	5	6	11	11	7	10	11	8	5	9	11	9	7	16	7	18	21	10	28	17	16	22	19	18	27	38	26	43	41	40	39	93	86	135	77	130	124	394	253	111	78	33	30	20	22	28	23	18	25	11	30	21	20	16	10	13	5	14	5	8	14	8	7	6	9	7	11	4	6	4	10	14	5	6	7	10	5	1	3	6	5	6	5	3	2	6	7	6	10	3	5	1	3	5	2	1	7	5	3	3	3	2	1	3	3	5	5	2	1	1	0	0	0	0	0	0	0	0	0	0	0	0	0	0	1	0	2	0	1	2
7	2	8	1	0	1	3	2	2	10	5	4	2	4	2	0	3	6	8	2	6	6	8	7	5	7	6	11	8	12	4	7	3	12	9	9	11	5	10	10	4	3	9	3	12	8	10	9	16	14	6	11	8	11	19	14	12	5	6	7	2	6	5	6	4	0	3	7	4	6	6	8	19	13	13	22	6	10	13	14	6	13	11	22	13	31	25	12	37	38	41	54	36	36	50	34	42	66	57	51	79	136	79	180	78	160	109	253	1092	505	169	89	72	72	55	63	49	49	50	36	68	76	70	36	17	19	11	12	24	15	16	28	11	12	13	16	13	12	14	19	13	21	11	13	14	11	13	9	10	23	15	9	6	6	2	2	8	12	4	3	4	7	4	5	3	5	3	3	5	5	2	6	0	3	3	3	3	3	2	4	3	3	1	2	2	2	4	1	0	0	0	2	0	2	1	0	0	2	1	1
4	3	6	3	4	6	4	3	7	2	10	0	4	11	5	5	6	5	6	5	4	22	11	13	3	12	6	6	8	5	9	9	11	5	14	6	8	10	8	13	7	11	11	10	8	7	6	14	12	13	6	11	8	11	14	12	8	4	9	6	8	7	4	16	5	1	5	6	8	9	7	8	13	9	12	15	12	9	9	13	19	15	13	10	20	26	31	9	31	23	47	39	33	34	50	50	43	57	53	63	82	103	87	159	63	113	83	111	505	1538	536	184	147	115	74	82	57	87	63	42	81	101	90	61	34	46	18	32	35	23	38	38	25	23	23	25	17	14	23	32	15	16	18	18	18	18	9	7	20	23	13	14	11	5	7	15	10	10	14	7	5	10	2	6	5	5	1	4	2	3	3	2	4	3	0	2	6	0	5	7	1	2	2	0	0	0	2	1	0	1	1	4	0	1	0	0	0	2	2	0
2	3	4	15	3	4	4	5	8	3	3	6	5	9	2	4	3	8	6	6	6	7	10	4	10	3	7	6	8	5	7	10	6	11	7	5	1	2	1	3	6	2	5	5	7	1	5	6	3	7	4	9	7	9	8	14	4	4	10	10	9	6	10	10	4	6	9	5	10	16	10	14	13	5	3	6	7	10	4	9	3	6	10	10	5	15	10	6	17	16	16	15	14	31	32	42	42	41	37	52	43	57	42	93	29	80	47	78	169	536	1322	542	276	167	97	72	61	67	63	38	65	82	120	63	26	47	22	32	41	36	46	63	31	22	30	20	28	29	27	10	19	17	9	9	9	7	14	12	13	12	16	11	11	8	12	8	12	14	7	10	3	3	5	13	7	1	4	3	1	8	4	0	3	4	2	3	4	2	2	1	1	3	1	1	0	3	0	0	1	1	1	1	0	1	0	0	1	0	0	0
4	6	4	2	4	6	2	8	5	3	3	4	2	2	6	5	8	3	4	3	4	8	7	3	1	7	5	10	4	2	7	1	8	3	5	3	1	5	1	6	5	2	5	3	3	0	7	13	2	8	9	12	8	3	8	8	12	7	3	8	6	8	5	9	3	6	6	5	3	6	10	6	8	5	6	12	5	4	2	2	3	10	3	8	8	11	13	4	17	12	8	13	12	14	25	31	31	45	28	41	36	41	30	40	26	49	26	33	89	184	542	1254	523	154	110	95	84	84	66	51	77	104	144	112	56	66	35	32	48	38	62	67	64	38	42	28	46	28	26	7	10	16	20	10	7	14	16	8	6	14	8	15	4	7	22	9	7	18	8	1	4	3	4	1	5	1	4	1	4	4	1	6	3	0	7	3	2	2	3	1	1	0	2	3	0	1	1	1	1	0	0	0	1	0	1	0	0	0	0	0
7	4	2	7	2	6	4	8	6	5	6	11	4	3	2	6	7	3	6	9	6	7	6	3	7	8	4	3	3	7	5	9	5	6	3	1	7	4	5	2	8	1	4	4	1	3	8	3	8	5	7	12	2	7	3	5	10	5	1	14	3	7	11	7	2	7	9	8	7	10	9	7	9	2	2	7	8	13	8	4	5	8	4	12	3	9	11	6	18	12	8	17	11	17	18	41	39	29	23	28	27	47	23	38	17	50	28	30	72	147	276	523	1474	543	209	146	93	106	99	62	107	183	243	199	79	76	57	54	63	50	63	128	64	41	39	40	45	38	41	14	7	14	10	10	8	10	12	10	8	19	19	12	23	19	9	14	7	19	20	10	5	2	9	7	7	0	3	3	7	6	17	2	2	6	2	1	4	2	1	2	3	1	1	1	0	1	0	1	0	0	0	1	3	0	0	0	0	1	0	2
10	2	5	6	6	5	1	4	5	4	3	6	1	2	4	3	1	4	5	5	9	7	6	4	3	9	3	5	7	11	2	5	5	7	5	4	7	2	3	3	6	4	6	2	1	3	11	3	11	9	4	6	8	3	10	6	9	3	8	7	2	9	4	3	8	4	5	4	7	11	6	11	2	13	3	13	4	9	7	4	8	7	5	7	1	11	11	5	3	12	14	17	14	25	25	45	17	32	33	28	25	30	22	28	16	21	19	20	72	115	167	154	543	1686	460	275	143	164	139	114	158	250	261	196	119	69	51	60	53	65	106	109	63	58	34	47	25	37	59	23	18	11	9	14	8	23	9	10	16	17	24	25	30	15	15	13	17	27	13	6	4	5	3	7	6	5	3	3	6	4	4	5	1	4	4	3	4	0	4	1	0	0	1	0	0	0	0	0	0	0	1	0	3	0	1	0	0	1	2	0
7	3	2	7	2	4	0	5	2	6	2	3	5	7	3	3	3	2	6	5	6	4	2	1	5	3	4	8	9	3	7	8	1	2	9	6	1	4	0	5	3	3	7	4	5	1	5	9	6	9	4	11	7	2	10	7	5	4	3	3	4	9	4	3	3	1	6	7	4	4	7	5	3	9	5	7	4	6	8	6	4	7	8	6	4	12	6	5	20	3	10	10	11	9	14	27	21	28	20	16	25	28	14	30	12	16	25	22	55	74	97	110	209	460	1190	485	201	195	137	93	137	196	135	82	46	46	30	37	33	38	46	69	32	28	15	26	36	16	28	26	18	22	13	8	4	14	15	16	14	14	12	9	5	7	14	10	14	10	11	4	6	4	5	5	6	6	3	1	4	3	6	7	1	3	3	0	5	1	4	5	0	1	2	2	0	3	0	0	0	1	1	1	0	1	0	1	0	0	2	1
4	1	0	4	5	3	1	4	5	3	4	9	3	6	3	2	2	7	5	5	6	8	5	6	5	7	6	4	8	8	2	8	2	6	6	3	7	0	7	6	6	3	11	7	4	3	5	3	4	9	4	1	2	2	4	5	4	7	3	11	2	8	5	6	3	2	5	1	5	6	10	5	6	16	14	11	3	9	5	4	4	5	10	12	9	18	9	8	17	24	16	14	18	15	17	18	20	18	18	24	35	41	21	27	19	29	28	28	63	82	72	95	146	275	485	1276	424	269	200	117	174	178	141	90	38	63	35	35	26	41	40	43	26	30	14	23	28	18	33	21	14	28	16	18	19	20	10	8	11	10	11	14	14	5	10	8	10	16	4	7	8	9	2	10	6	3	2	8	4	1	5	0	3	2	1	3	3	3	2	7	4	3	2	0	0	1	1	2	0	3	2	2	3	0	1	0	1	0	1	0
6	1	2	1	3	0	1	2	5	4	2	8	4	6	3	3	3	6	1	6	2	6	4	4	2	6	4	4	7	4	2	2	3	1	4	2	3	10	8	8	3	9	4	10	4	5	2	2	8	9	1	4	1	9	7	8	4	5	4	2	6	3	4	2	3	3	2	3	3	4	9	8	5	10	4	9	12	3	9	12	3	10	4	13	13	11	22	4	12	11	10	20	20	14	11	14	21	20	15	22	23	26	23	27	24	41	10	23	49	57	61	84	93	143	201	424	966	466	217	125	169	154	113	73	50	52	38	39	32	35	34	29	16	14	17	18	20	15	30	17	21	29	14	17	5	12	11	16	6	15	15	8	6	6	15	4	7	15	12	10	7	6	9	5	9	6	9	9	7	3	2	4	1	2	2	2	2	5	2	2	5	0	1	0	0	0	2	1	1	2	3	0	0	0	1	0	0	0	1	2
6	2	6	0	4	2	2	4	6	5	7	2	3	4	3	5	1	3	3	6	4	2	6	5	4	7	6	8	2	6	6	3	4	8	13	4	8	10	7	8	7	5	5	4	5	7	7	4	6	5	1	6	8	4	3	4	3	6	4	0	4	2	7	8	5	8	3	4	4	8	4	7	8	10	10	8	11	8	11	15	6	6	11	19	11	17	19	8	7	13	13	19	22	11	23	16	16	19	16	23	32	34	35	35	18	29	17	18	49	87	67	84	106	164	195	269	466	1366	530	223	245	215	139	77	41	55	30	34	30	28	52	36	34	5	11	23	34	17	21	34	17	14	25	29	21	20	18	18	10	12	14	22	15	8	15	17	6	9	11	5	15	12	8	16	1	2	4	2	13	5	1	3	3	2	6	6	3	3	1	3	5	0	1	0	1	1	1	0	3	1	0	1	2	0	0	0	0	3	0	3
2	2	3	1	0	5	3	4	3	3	5	3	3	3	3	2	0	8	5	4	5	8	9	8	8	9	4	4	6	3	3	5	4	5	11	7	2	5	1	5	3	9	6	8	8	3	2	8	8	7	5	4	4	7	6	10	4	3	5	1	3	1	4	5	4	3	0	2	3	2	9	5	8	6	4	10	6	9	14	6	13	7	10	6	4	17	16	5	6	13	12	23	12	16	16	19	21	11	18	22	23	27	25	30	33	42	20	25	50	63	63	66	99	139	137	200	217	530	1230	407	254	212	139	75	38	59	36	25	30	30	47	44	18	13	16	25	10	23	36	24	17	36	20	23	19	20	19	13	14	12	33	13	11	5	13	8	4	10	12	4	6	5	3	10	5	8	3	6	5	10	6	9	3	3	1	5	2	5	7	1	1	0	1	5	0	0	4	1	0	1	3	1	2	0	1	1	2	0	2	1
2	1	1	2	0	3	3	2	1	1	4	2	5	0	1	2	4	4	3	1	2	4	0	5	5	9	3	5	3	5	2	3	2	8	5	12	7	2	1	3	7	1	9	7	7	4	5	1	5	7	3	3	6	1	4	3	9	4	2	4	2	1	2	3	4	1	4	2	3	0	8	3	1	2	4	11	12	4	12	9	7	16	1	9	3	9	10	2	19	8	14	9	12	15	18	24	16	17	16	16	20	18	19	34	13	23	17	11	36	42	38	51	62	114	93	117	125	223	407	638	393	165	116	55	36	47	23	42	18	26	34	40	14	23	12	17	22	12	25	14	20	18	16	6	10	10	14	12	4	25	13	8	3	4	5	13	9	7	10	4	4	5	4	6	3	6	10	5	9	3	3	3	5	6	4	2	3	2	3	0	2	1	2	2	0	1	2	0	0	2	1	0	1	0	0	0	3	1	0	3
2	4	1	5	3	5	5	5	0	1	10	2	1	4	3	2	2	3	5	7	3	4	2	4	12	5	2	9	7	5	4	6	5	5	7	4	8	4	7	5	2	5	8	4	7	4	4	9	5	10	6	7	7	5	3	3	7	6	5	5	4	2	2	6	3	3	0	3	1	2	8	6	7	3	4	2	8	5	8	11	6	3	7	11	15	12	11	8	11	14	14	25	13	15	23	15	20	18	16	29	39	39	22	32	31	28	21	30	68	81	65	77	107	158	137	174	169	245	254	393	1222	446	167	126	69	55	42	70	31	41	60	54	27	22	31	31	42	26	60	23	19	29	14	26	22	14	17	23	12	22	9	10	10	7	15	7	15	9	16	11	6	8	10	7	4	7	6	6	6	4	1	7	6	0	1	4	2	3	2	4	2	2	1	2	2	1	1	2	0	1	1	2	2	3	0	0	0	0	5	0
6	4	5	4	1	4	1	6	5	3	1	1	8	6	2	5	1	5	5	2	2	8	9	6	4	0	1	4	7	3	6	3	6	5	5	8	5	9	6	11	8	5	4	9	3	1	4	3	4	9	5	9	5	5	4	7	6	9	4	3	2	2	6	1	7	1	0	3	1	6	7	7	6	6	14	8	5	6	3	7	4	5	6	9	9	7	8	2	17	14	11	15	17	15	24	22	25	21	18	23	30	18	17	39	20	26	12	21	76	101	82	104	183	250	196	178	154	215	212	165	446	1194	356	146	92	85	63	45	40	61	83	86	48	24	28	25	23	34	35	34	22	34	25	18	15	15	22	28	14	15	17	24	17	15	18	17	18	11	19	13	8	4	2	9	3	3	5	4	4	5	1	2	1	3	4	4	0	4	4	2	1	1	0	0	2	3	1	0	0	0	1	1	0	2	2	0	1	0	1	0
2	3	4	3	0	5	5	5	6	6	7	3	4	4	7	4	5	9	4	5	6	13	2	7	6	7	5	4	4	2	13	5	7	7	6	3	3	5	2	5	6	1	6	10	5	6	6	5	4	3	2	9	3	3	2	8	10	3	9	6	6	4	6	7	4	2	8	10	7	6	9	9	4	6	4	3	6	11	6	3	14	5	2	5	12	15	9	3	10	6	6	8	8	7	12	19	29	28	23	22	16	31	23	21	14	18	26	20	70	90	120	144	243	261	135	141	113	139	139	116	167	356	1370	561	165	148	74	77	103	123	108	156	91	43	57	62	60	49	57	31	18	25	22	18	12	23	11	7	11	17	22	11	20	7	24	19	20	25	14	7	3	2	4	10	10	2	2	5	2	5	6	4	7	7	2	2	1	4	3	2	0	0	3	0	0	0	0	0	1	2	0	0	0	2	0	0	0	2	3	1
6	2	8	6	5	5	4	5	3	2	7	3	4	4	5	8	7	2	2	4	4	5	0	6	4	3	1	6	3	4	3	6	4	6	3	1	3	4	5	3	6	1	5	1	1	2	4	4	3	4	5	2	8	1	1	7	5	2	3	5	4	8	7	5	4	5	3	2	9	2	11	4	1	8	5	5	6	3	11	7	5	6	12	8	6	6	9	2	6	11	3	10	10	11	22	17	14	25	17	20	11	26	13	17	20	13	11	16	36	61	63	112	199	196	82	90	73	77	75	55	126	146	561	1880	515	244	174	191	191	259	243	327	143	116	110	104	126	110	100	49	27	23	16	20	19	23	21	13	18	20	23	34	26	35	28	21	16	29	14	9	11	1	4	7	6	3	6	3	4	10	5	5	4	7	1	1	3	3	1	1	1	2	2	2	1	0	3	0	1	1	0	1	0	0	0	1	2	2	3	1
5	2	2	3	2	0	4	6	4	3	0	4	3	5	1	9	5	5	4	2	5	2	5	2	1	2	6	1	2	2	2	7	5	1	4	0	2	3	1	4	4	1	3	2	1	0	4	1	6	3	2	2	2	3	4	6	4	1	6	3	6	5	1	1	4	1	3	2	5	6	4	9	1	1	6	4	2	2	5	1	3	3	1	5	2	7	5	3	7	6	7	4	5	7	7	13	16	12	6	16	12	10	11	15	13	9	13	10	17	34	26	56	79	119	46	38	50	41	38	36	69	92	165	515	1126	522	207	261	235	339	375	433	129	82	87	92	87	62	129	42	30	24	18	17	17	20	25	18	12	16	25	21	18	19	26	21	18	22	17	9	9	7	9	6	4	4	7	2	6	4	3	0	4	2	4	4	5	3	1	0	3	3	2	0	0	4	0	1	0	0	1	2	0	0	1	0	1	2	0	0
3	2	7	4	4	5	5	6	2	4	5	5	7	1	5	6	3	4	7	3	7	5	3	2	3	4	3	7	1	5	4	5	2	6	4	4	3	2	0	3	5	2	1	1	6	0	4	6	5	1	2	7	3	4	4	5	5	4	8	4	2	11	3	5	0	1	4	5	8	6	9	2	5	2	1	6	2	8	1	2	3	9	5	9	7	7	5	4	1	10	9	16	4	10	13	9	13	17	20	16	12	19	12	14	10	16	9	13	19	46	47	66	76	69	46	63	52	55	59	47	55	85	148	244	522	1710	501	415	272	376	335	330	118	102	82	101	86	74	85	58	33	47	30	26	23	30	31	15	30	22	37	26	33	16	35	20	11	24	23	12	3	5	6	16	4	4	12	6	4	3	6	4	0	2	2	2	3	2	6	3	1	5	0	0	2	1	0	0	0	2	0	1	0	0	0	3	3	0	1	2
1	3	4	2	2	2	0	2	5	7	0	6	1	2	2	4	2	2	2	3	3	2	2	7	3	4	2	4	1	4	4	5	1	2	0	5	2	2	4	4	1	4	5	3	3	2	3	5	4	3	5	4	4	9	0	2	5	7	5	6	3	3	4	8	1	5	1	3	2	6	1	2	1	3	1	2	2	9	4	1	2	3	3	3	4	5	7	4	9	3	8	3	2	7	11	13	16	8	5	9	10	11	4	5	3	5	6	5	11	18	22	35	57	51	30	35	38	30	36	23	42	63	74	174	207	501	906	716	305	275	208	180	84	51	69	69	62	61	74	34	16	15	13	26	14	12	15	10	16	20	24	17	21	22	13	24	19	15	20	9	6	5	4	9	8	6	5	3	4	8	5	3	1	6	2	3	2	5	1	2	1	2	3	2	0	0	0	0	0	0	1	1	2	0	0	0	0	0	0	2
2	4	13	11	6	3	3	10	1	1	6	5	4	5	3	4	2	4	4	5	6	5	8	2	5	2	1	1	5	4	5	6	2	2	3	0	1	1	5	2	5	4	3	5	3	0	1	1	3	3	5	6	2	7	2	8	8	6	3	5	5	11	6	9	11	3	8	5	5	6	5	5	3	3	1	2	3	0	3	3	4	2	6	8	7	4	4	2	8	3	9	4	7	1	10	28	12	19	19	21	8	11	9	7	4	8	9	14	12	32	32	32	54	60	37	35	39	34	25	42	70	45	77	191	261	415	716	2070	858	464	236	234	133	101	83	109	80	76	56	31	20	24	19	10	16	18	20	19	29	15	24	19	38	25	22	17	21	27	14	6	5	7	6	6	3	2	5	1	2	7	6	3	1	7	1	3	5	3	1	2	0	2	0	2	0	1	0	1	2	0	0	0	0	2	0	0	0	1	0	1
5	4	7	14	4	6	4	8	11	2	9	6	5	4	4	6	12	5	5	6	6	5	10	8	2	3	4	2	6	2	2	2	4	1	3	0	4	2	1	0	3	1	2	2	2	1	2	6	2	10	3	4	4	4	3	9	8	4	4	5	2	3	3	3	10	9	8	8	4	6	7	9	2	7	2	5	6	7	5	3	2	0	3	4	5	5	6	1	9	0	4	6	6	5	9	13	17	15	5	12	10	16	6	13	3	11	5	5	24	35	41	48	63	53	33	26	32	30	30	18	31	40	103	191	235	272	305	858	2254	846	231	217	134	81	68	80	69	72	49	34	22	22	10	9	17	16	14	11	19	24	20	22	37	37	27	21	22	35	19	2	8	4	7	6	3	7	0	2	4	4	3	7	1	5	3	5	1	4	1	0	1	2	0	1	0	0	1	0	0	1	2	0	2	0	1	0	1	1	0	0
4	3	7	9	5	8	2	7	3	6	1	9	6	5	3	2	5	2	9	5	7	4	4	2	4	2	5	4	3	0	1	3	1	3	3	3	1	0	3	1	0	3	2	1	0	1	2	3	4	3	8	5	4	5	8	5	8	3	3	4	1	4	6	7	2	2	2	4	6	13	6	4	5	4	3	6	3	3	4	1	1	0	5	4	6	5	6	4	2	7	4	4	5	6	5	12	13	10	20	22	10	16	8	3	4	9	7	8	15	23	36	38	50	65	38	41	35	28	30	26	41	61	123	259	339	376	275	464	846	1566	510	349	135	103	74	72	99	54	92	38	26	23	14	14	13	20	15	12	12	16	14	25	39	33	20	9	18	22	20	6	5	3	9	4	4	2	5	4	3	4	10	6	1	6	3	7	1	0	0	3	0	1	0	0	0	0	0	1	0	0	1	2	0	1	0	0	0	0	0	0
4	11	5	3	3	2	2	8	5	3	6	4	8	4	3	6	5	10	6	0	7	5	3	3	6	1	0	3	5	5	1	2	5	1	4	1	4	3	2	3	4	1	2	3	3	3	3	7	6	7	6	4	0	1	4	1	2	1	3	0	5	9	5	4	5	5	3	5	2	8	4	5	4	3	4	1	0	5	2	4	4	1	3	5	2	8	4	2	7	7	7	5	15	8	14	17	11	16	11	10	7	5	11	12	15	8	9	14	16	38	46	62	63	106	46	40	34	52	47	34	60	83	108	243	375	335	208	236	231	510	1170	532	136	99	67	62	64	57	90	58	36	24	20	23	19	25	16	13	23	20	37	21	24	14	20	16	22	18	15	8	1	3	7	2	4	7	2	5	4	5	8	5	3	1	1	0	4	5	1	1	1	1	2	1	1	0	0	0	1	1	1	4	1	0	0	0	1	2	0	1
2	2	3	5	9	6	9	6	2	7	6	6	6	2	5	4	5	3	0	8	4	3	6	5	5	3	7	2	1	6	9	12	1	1	0	2	3	4	1	3	0	6	1	2	2	2	5	5	4	5	3	4	2	2	4	4	5	2	2	2	2	5	8	4	2	8	4	1	3	4	5	7	4	4	5	2	4	3	9	6	1	3	5	5	5	11	4	2	3	1	3	16	7	9	9	15	15	10	11	14	18	22	8	15	8	7	8	8	28	38	63	67	128	109	69	43	29	36	44	40	54	86	156	327	433	330	180	234	217	349	532	1720	550	239	179	142	130	103	114	44	33	30	27	29	20	26	27	18	24	27	28	33	44	32	22	17	23	29	22	6	2	6	8	6	7	3	5	1	3	10	13	4	7	7	2	0	7	4	3	1	0	1	1	1	0	0	1	0	0	1	2	3	1	4	0	0	0	2	0	3
0	3	5	6	5	3	3	1	3	6	0	9	10	9	2	2	1	2	3	1	6	4	5	1	2	4	0	1	3	8	6	7	2	0	1	1	0	0	4	1	1	3	3	2	5	1	1	1	3	5	10	5	2	4	1	6	7	4	10	2	3	6	2	6	4	3	3	8	3	4	11	2	7	4	1	5	1	1	3	0	3	3	7	9	2	7	2	5	4	3	5	4	5	3	11	16	12	10	11	22	8	6	4	9	4	5	2	7	11	25	31	64	64	63	32	26	16	34	18	14	27	48	91	143	129	118	84	133	134	135	136	550	1794	462	260	223	196	123	119	45	25	16	23	27	12	25	21	26	17	26	22	29	28	32	34	37	19	33	22	14	11	10	3	9	9	2	8	2	8	4	9	7	5	4	3	2	4	1	0	6	0	1	1	2	0	3	2	1	0	1	1	0	0	1	1	0	0	1	1	1
5	7	7	9	3	5	6	7	2	6	0	8	8	4	2	2	4	2	5	2	5	2	2	4	0	2	3	2	2	9	8	7	2	0	1	1	4	0	2	1	1	0	4	2	1	0	4	2	6	3	9	2	4	4	3	1	8	2	7	7	4	3	6	7	4	9	5	3	4	5	4	2	2	3	0	0	5	5	3	1	1	1	3	2	2	7	4	2	3	2	2	4	2	4	5	16	11	15	7	15	12	8	9	7	2	7	4	6	12	23	22	38	41	58	28	30	14	5	13	23	22	24	43	116	82	102	51	101	81	103	99	239	462	1256	555	355	245	175	133	39	36	29	15	23	17	38	21	28	27	38	40	42	54	47	41	38	24	50	34	7	6	5	2	9	3	0	2	3	0	5	6	6	4	3	3	3	2	1	1	2	0	3	1	1	0	0	0	0	1	0	0	0	1	0	0	0	0	4	1	1
7	2	10	4	9	3	7	5	0	4	0	9	4	4	8	5	7	4	4	2	2	3	3	7	0	3	0	3	1	2	6	2	5	0	2	1	2	1	4	0	0	1	0	2	0	2	1	3	2	6	3	3	7	1	0	0	8	5	5	3	1	1	8	6	2	2	3	4	4	3	7	5	2	1	5	2	2	2	1	4	5	0	5	6	4	6	2	1	5	2	4	5	7	3	8	8	11	5	7	13	5	11	4	7	4	6	13	9	13	23	30	42	39	34	15	14	17	11	16	12	31	28	57	110	87	82	69	83	68	74	67	179	260	555	1364	731	384	230	154	79	30	41	21	25	34	23	28	19	30	24	42	44	41	34	50	26	34	39	35	21	15	3	6	4	2	6	2	8	4	12	4	4	8	2	4	1	3	1	1	0	2	2	3	3	0	0	3	0	2	0	0	2	0	0	1	0	0	1	0	0
13	3	6	5	7	2	5	2	2	3	2	5	3	8	6	3	9	4	5	5	3	7	4	3	2	2	1	1	1	2	4	11	6	4	1	3	1	5	4	4	2	1	6	0	4	2	7	4	2	4	3	10	5	2	7	2	10	6	11	1	7	5	8	3	2	4	5	5	7	4	3	4	4	2	2	5	0	6	4	0	4	0	6	1	4	3	0	3	1	5	3	2	2	5	5	8	14	13	4	5	11	11	2	7	0	12	8	7	16	25	20	28	40	47	26	23	18	23	25	17	31	25	62	104	92	101	69	109	80	72	62	142	223	355	731	1972	871	356	197	94	48	54	41	33	28	38	28	25	51	54	67	54	57	44	49	47	45	46	34	24	9	14	4	7	10	6	1	7	7	14	8	3	5	3	4	3	3	4	1	1	2	0	0	0	0	2	3	0	0	0	0	1	3	0	0	0	1	1	2	0
6	5	5	7	4	6	4	8	4	4	3	6	10	5	5	4	9	6	3	3	6	1	3	6	3	4	0	6	0	1	4	3	4	2	1	1	2	1	5	2	3	4	1	1	5	0	6	3	9	5	6	6	5	5	5	1	1	3	4	5	7	3	2	3	3	0	2	7	5	6	10	4	2	2	3	7	6	4	3	4	0	0	9	4	4	4	4	1	2	4	6	3	4	10	7	9	12	17	8	9	11	4	7	11	8	11	4	11	13	17	28	46	45	25	36	28	20	34	10	22	42	23	60	126	87	86	62	80	69	99	64	130	196	245	384	871	1946	644	326	115	86	70	48	45	37	39	41	25	35	47	48	58	56	55	67	55	56	62	39	30	17	14	7	13	10	4	7	7	9	15	9	6	2	4	4	2	4	6	0	4	4	1	4	3	0	1	1	0	0	0	1	1	3	0	1	0	2	0	1	2
6	0	7	2	2	0	7	3	5	6	3	0	2	2	7	3	4	4	1	5	5	4	5	2	7	2	1	2	4	1	8	5	3	3	5	1	4	2	7	2	3	0	1	3	2	3	3	2	1	6	1	4	8	3	0	5	2	4	0	2	2	5	0	0	7	6	0	5	4	5	2	0	6	2	0	1	6	0	2	4	0	4	3	4	2	4	6	2	1	7	5	3	3	8	5	5	12	10	13	5	9	10	7	11	3	6	7	4	12	14	29	28	38	37	16	18	15	17	23	12	26	34	49	110	62	74	61	76	72	54	57	103	123	175	230	356	644	1314	494	142	81	69	49	66	32	43	45	36	48	47	71	79	88	57	73	55	56	65	37	23	14	13	9	5	10	6	7	9	9	8	8	6	3	5	5	3	3	1	8	3	1	0	3	2	0	1	0	1	0	1	1	0	1	0	0	2	0	2	5	0
6	8	6	1	6	4	5	5	4	0	7	4	6	4	5	3	5	6	3	5	5	0	2	0	4	12	6	2	0	3	1	1	5	3	0	2	0	5	2	1	4	5	10	1	3	0	3	5	3	7	7	3	3	0	4	1	4	2	4	3	2	3	3	3	5	1	4	5	2	4	9	4	8	4	1	5	7	4	2	2	4	8	6	11	1	8	7	8	10	7	6	9	8	9	18	11	7	8	10	5	16	19	5	11	6	6	8	6	14	23	27	26	41	59	28	33	30	21	36	25	60	35	57	100	129	85	74	56	49	92	90	114	119	133	154	197	326	494	1812	520	194	146	101	105	81	114	116	78	83	80	121	114	73	73	116	75	75	60	51	36	27	19	17	27	13	10	13	12	11	23	10	19	7	9	3	9	12	12	5	6	4	5	3	2	2	2	1	1	0	2	3	3	5	1	2	1	4	2	0	3
3	4	3	0	0	2	3	3	2	3	0	5	1	3	2	2	4	4	1	3	2	5	5	3	5	4	2	4	5	1	5	2	4	5	5	2	4	5	3	3	1	1	3	3	4	5	4	2	3	9	2	1	5	2	1	6	6	1	2	1	1	2	3	5	2	3	1	3	4	3	2	3	6	3	1	8	7	5	4	10	2	2	4	3	4	7	8	2	9	6	5	12	7	7	6	3	3	16	3	6	15	9	12	11	7	15	7	4	19	32	10	7	14	23	26	21	17	34	24	14	23	34	31	49	42	58	34	31	34	38	58	44	45	39	79	94	115	142	520	880	351	179	116	119	99	84	110	81	91	103	116	106	48	53	79	55	41	47	40	25	25	14	20	17	13	7	17	11	10	22	17	13	3	7	5	10	8	8	8	4	5	5	2	4	0	5	4	2	2	2	7	1	0	0	0	2	2	3	7	2
9	4	2	4	0	2	0	2	3	5	2	3	0	1	3	0	2	1	4	3	4	4	3	3	5	13	9	2	3	7	1	1	4	4	4	4	4	1	3	4	9	2	5	5	2	0	1	4	3	4	5	1	5	6	1	5	5	5	5	1	2	1	2	2	0	4	0	1	3	2	1	2	1	3	2	10	2	2	1	5	2	4	7	7	3	10	9	4	5	9	6	10	9	7	11	3	4	9	8	12	11	15	10	16	0	13	3	10	13	15	19	10	7	18	18	14	21	17	17	20	19	22	18	27	30	33	16	20	22	26	36	33	25	36	30	48	86	81	194	351	912	475	163	116	116	97	119	100	106	91	167	127	48	46	97	74	39	50	50	40	32	23	26	18	31	23	24	12	25	9	14	16	10	15	6	9	11	6	6	12	3	2	2	1	1	1	4	0	1	3	1	3	1	1	4	1	1	1	2	1
5	1	4	4	0	0	1	8	2	3	1	1	6	3	9	0	4	2	3	5	2	7	4	3	3	7	2	4	1	3	2	1	3	4	10	6	4	2	9	2	7	10	3	4	4	0	0	3	5	1	2	9	1	5	5	2	7	2	4	4	2	7	5	3	2	2	0	1	2	1	1	7	5	7	10	1	4	2	5	6	11	7	3	16	5	3	6	3	9	11	13	8	6	8	10	6	4	9	4	11	17	14	9	9	7	21	6	14	21	16	17	16	14	11	22	28	29	14	36	18	29	34	25	23	24	47	15	24	22	23	24	30	16	29	41	54	70	69	146	179	475	1450	435	230	188	149	164	115	115	140	177	152	49	53	108	80	65	53	55	42	35	29	23	32	40	8	24	15	16	22	17	13	16	5	16	10	12	13	14	8	6	8	9	1	3	1	0	5	3	6	4	2	7	0	1	0	1	0	8	3
3	3	2	1	1	2	0	5	3	2	1	0	2	1	3	0	2	2	9	2	2	3	3	11	5	13	3	6	6	8	2	3	3	3	5	5	5	1	2	6	5	2	3	6	2	3	7	3	4	5	6	4	4	1	5	2	3	6	7	7	0	1	1	2	2	1	1	2	3	1	1	3	6	4	4	4	1	1	9	4	3	4	3	7	7	9	6	2	9	3	4	8	4	6	6	7	9	7	3	8	6	6	5	17	1	12	10	5	11	18	9	20	10	9	13	16	14	25	20	16	14	25	22	16	18	30	13	19	10	14	20	27	23	15	21	41	48	49	101	116	163	435	1050	392	192	176	140	112	91	123	153	101	62	50	94	69	49	54	57	43	31	26	27	16	24	10	17	12	20	24	21	16	7	11	4	11	8	11	5	8	4	5	2	1	2	1	1	2	0	2	0	0	3	4	7	1	1	2	6	1
8	1	2	0	1	2	1	2	2	1	0	1	4	2	2	0	4	3	3	1	1	4	5	3	0	1	5	5	5	7	6	4	5	5	9	8	3	6	1	4	1	4	6	3	7	4	1	4	3	2	1	5	5	0	2	3	2	2	6	8	3	5	3	2	1	7	1	3	2	3	3	2	0	4	5	4	4	6	6	4	4	8	6	5	8	6	6	5	15	4	8	2	1	5	11	12	9	7	3	2	7	10	10	13	5	12	3	6	13	18	9	10	10	14	8	18	17	29	23	6	26	18	18	20	17	26	26	10	9	14	23	29	27	23	25	33	45	66	105	119	116	230	392	1206	444	227	197	127	108	121	156	106	60	51	102	68	42	76	64	47	43	20	22	26	36	20	20	24	22	16	15	16	4	16	8	13	12	9	13	15	15	9	0	2	3	2	2	3	3	4	6	1	3	1	4	2	1	4	2	3
5	1	2	5	1	1	0	2	2	1	2	1	3	1	3	2	2	1	0	2	3	1	5	0	5	2	2	5	2	9	2	0	4	2	4	3	1	6	3	3	3	3	2	4	3	1	2	4	9	2	3	2	3	3	4	4	5	3	2	2	2	5	2	4	2	1	2	5	7	4	9	2	2	7	6	3	8	8	1	6	4	6	3	10	4	1	9	3	6	10	6	7	3	8	4	7	4	6	5	7	10	3	11	9	7	16	9	7	14	18	9	7	8	8	4	19	5	21	19	10	22	15	12	19	17	23	14	16	17	13	19	20	12	17	34	28	37	32	81	99	116	188	192	444	876	390	196	129	130	113	124	87	68	44	81	63	53	57	39	33	32	29	22	23	29	24	13	25	17	24	7	17	10	7	6	6	16	10	7	4	4	4	3	3	1	2	1	5	2	5	0	2	3	0	1	1	4	5	3	3
1	5	2	2	4	1	3	1	1	0	2	3	2	2	3	2	1	1	3	7	3	1	5	4	4	4	0	4	2	7	2	3	1	1	4	2	3	6	3	11	3	0	2	3	4	1	3	3	4	4	4	3	5	0	2	5	5	2	6	4	3	1	4	5	2	3	1	3	1	0	2	2	3	8	4	12	4	3	4	5	3	4	4	5	8	10	9	5	3	8	6	7	9	9	3	9	8	5	3	5	12	14	3	5	0	6	4	10	11	18	7	14	10	23	14	20	12	20	20	10	14	15	23	23	20	30	12	18	16	20	25	26	25	38	23	38	39	43	114	84	97	149	176	227	390	1114	478	179	186	166	184	164	74	55	100	93	56	59	61	43	44	22	30	26	36	17	36	21	22	16	22	12	9	13	5	15	10	7	7	5	3	5	1	0	2	2	5	2	3	1	3	1	2	1	4	2	2	2	9	4
2	1	1	1	2	2	3	2	4	1	2	5	3	1	0	7	1	4	4	0	3	5	3	3	3	6	4	1	4	6	7	4	3	1	2	2	5	2	2	8	4	4	5	6	7	4	5	5	3	1	3	2	2	4	2	1	4	8	0	3	1	3	3	2	3	0	2	3	1	2	0	3	0	5	3	3	6	4	2	6	4	5	12	8	1	3	6	2	6	4	6	9	6	8	6	9	9	4	8	6	9	9	5	14	4	11	8	5	13	9	14	16	12	9	15	10	11	18	19	14	17	22	11	21	25	31	15	20	14	15	16	27	21	21	28	28	41	45	116	110	119	164	140	197	196	478	1028	413	240	239	186	135	68	69	102	74	69	80	71	48	33	28	27	27	25	17	21	18	25	17	17	16	7	14	13	9	12	9	6	11	6	5	4	3	2	2	2	0	0	1	3	3	0	1	0	0	1	3	2	1
4	3	6	0	0	3	0	1	2	3	0	0	3	4	2	1	3	1	4	2	2	6	11	4	0	4	3	4	2	6	3	6	3	2	5	2	6	2	2	2	4	7	2	2	2	0	5	6	1	4	2	2	0	2	1	3	4	2	3	3	0	6	4	1	1	2	3	4	3	2	4	7	1	5	1	6	6	1	4	7	6	1	3	7	3	4	5	6	7	5	2	4	5	3	6	7	4	1	8	8	3	6	3	4	5	10	8	1	9	7	12	8	10	10	16	8	16	18	13	12	23	28	7	13	18	15	10	19	11	12	13	18	26	28	19	25	25	36	78	81	100	115	112	127	129	179	413	952	418	239	235	170	56	49	89	87	84	52	66	54	28	18	27	35	23	14	18	15	13	27	11	13	10	5	6	9	9	6	2	5	9	2	4	4	3	2	1	3	1	4	3	1	1	1	2	0	0	7	2	6
2	2	3	4	2	5	0	4	5	1	4	3	0	8	3	0	5	4	5	2	5	2	4	5	3	3	0	3	4	6	3	4	4	2	3	6	2	2	4	2	4	3	10	1	1	3	6	3	0	0	3	3	2	2	4	2	0	2	4	8	2	6	1	1	1	3	0	3	3	3	5	5	7	6	2	2	6	1	4	6	5	1	1	4	2	7	7	2	6	3	8	6	6	8	6	8	9	9	13	10	6	7	4	12	2	1	5	3	10	20	13	6	8	16	14	11	6	10	14	4	12	14	11	18	12	30	16	29	19	12	23	24	17	27	30	51	35	48	83	91	106	115	91	108	130	186	240	418	1100	529	331	188	139	101	128	82	88	91	79	66	38	28	24	38	26	17	20	20	21	19	16	9	16	11	7	16	13	10	10	13	8	3	7	3	1	0	2	1	1	2	1	2	4	0	0	4	3	0	4	3
6	6	12	5	2	7	3	3	2	4	7	0	3	2	4	2	4	2	1	0	3	2	3	1	4	3	2	9	5	2	1	2	2	1	5	4	3	5	5	3	8	3	3	2	3	6	6	3	6	5	1	2	1	3	7	6	2	2	1	1	2	5	0	5	1	2	3	6	4	5	5	3	2	1	2	3	8	0	7	1	4	1	6	5	2	1	7	1	2	8	12	14	2	9	7	4	9	11	3	8	6	11	7	9	3	8	1	6	23	23	12	14	19	17	14	10	15	12	12	25	22	15	17	20	16	22	20	15	24	16	20	27	26	38	24	54	47	47	80	103	91	140	123	121	113	166	239	239	529	1728	605	306	157	141	199	139	120	118	113	66	55	27	45	47	25	22	19	16	25	30	14	7	12	19	13	13	12	10	14	6	14	4	2	1	1	0	0	0	2	2	2	3	0	1	2	2	4	3	5	2
6	3	4	5	3	1	8	0	3	4	4	1	1	4	4	3	8	5	1	2	4	4	10	2	6	2	6	5	7	4	6	1	0	3	1	2	5	11	5	5	0	1	6	8	4	3	6	8	9	9	1	2	2	1	1	3	10	6	5	9	3	4	4	4	2	0	1	1	4	6	2	3	7	2	3	3	2	7	5	2	4	1	5	4	8	5	3	6	6	2	4	17	5	8	7	8	7	11	2	14	10	15	8	9	6	9	4	5	15	13	16	8	19	24	12	11	15	14	33	13	9	17	22	23	25	37	24	24	20	14	37	28	22	40	42	67	48	71	121	116	167	177	153	156	124	184	186	235	331	605	1820	645	203	150	240	186	158	153	127	88	67	38	36	48	51	21	17	29	26	27	33	12	19	11	12	10	11	9	10	13	12	4	10	4	3	3	1	3	2	2	1	3	12	4	1	1	3	3	9	6
6	0	9	3	2	2	0	4	1	3	2	3	1	3	0	4	4	3	8	5	4	3	7	10	4	7	1	4	0	3	5	7	4	9	4	0	1	2	5	0	5	3	4	2	4	6	4	3	2	5	1	11	2	5	3	6	2	2	5	0	5	2	4	3	2	5	1	3	6	2	4	6	2	2	5	4	5	2	4	4	1	4	0	4	5	7	0	3	9	4	3	3	2	7	1	7	1	5	6	12	11	12	5	8	8	7	2	6	9	14	11	15	12	25	9	14	8	22	13	8	10	24	11	34	21	26	17	19	22	25	21	33	29	42	44	54	58	79	114	106	127	152	101	106	87	164	135	170	188	306	645	1766	600	390	575	239	168	248	160	85	82	44	34	46	25	27	18	21	28	45	23	22	14	19	18	11	7	18	10	13	23	4	9	2	0	0	1	1	4	2	4	4	3	3	2	1	0	4	2	5
4	6	12	21	4	1	3	3	3	5	3	8	1	5	2	4	8	3	7	1	3	2	5	5	5	0	4	3	2	4	1	3	1	2	6	0	0	2	1	2	2	2	4	6	3	0	4	1	7	10	3	8	1	3	2	4	4	3	4	5	2	8	7	10	9	12	8	11	8	12	14	9	3	3	5	4	2	4	1	2	3	4	3	6	3	4	3	4	2	3	0	11	4	9	3	6	7	13	8	7	9	8	4	4	3	4	1	5	6	11	11	4	23	30	5	14	6	15	11	3	10	17	20	26	18	33	21	38	37	39	24	44	28	54	41	57	56	88	73	48	48	49	62	60	68	74	68	56	139	157	203	600	2924	1305	436	181	166	200	112	45	71	22	16	47	14	5	11	8	14	26	34	15	9	26	20	14	7	10	5	12	10	2	5	1	0	0	1	2	3	1	1	0	4	2	2	0	1	0	5	1
6	0	14	5	2	6	5	2	4	2	1	5	4	1	4	4	7	2	5	3	4	1	5	1	4	5	0	3	2	5	5	1	2	3	2	2	1	3	3	0	0	4	1	2	1	0	2	2	1	3	5	5	1	2	3	1	2	1	2	2	1	6	15	3	7	5	2	6	8	9	2	3	1	1	2	0	2	3	1	0	0	1	3	6	3	1	6	1	4	3	3	3	0	3	7	8	10	9	6	6	7	15	5	2	6	5	4	3	6	5	8	7	19	15	7	5	6	8	5	4	7	15	7	35	19	16	22	25	37	33	14	32	32	47	34	44	55	57	73	53	46	53	50	51	44	55	69	49	101	141	150	390	1305	1768	466	147	136	178	104	47	44	26	31	29	8	9	11	20	18	24	25	14	7	18	12	5	4	6	7	8	2	3	5	1	2	4	4	0	2	1	0	3	2	3	0	3	0	1	4	3
2	5	3	3	4	5	2	0	2	3	1	1	2	1	0	3	4	2	1	5	6	0	8	5	4	1	4	0	7	0	0	5	3	1	4	3	1	1	2	4	2	2	4	3	0	1	1	4	2	4	1	7	3	2	4	4	4	2	5	6	0	5	7	6	3	1	4	2	3	0	5	5	3	0	3	0	3	6	2	1	1	3	1	6	0	7	3	0	2	4	3	8	5	3	7	10	11	7	7	6	6	8	6	7	5	4	3	2	2	7	12	22	9	15	14	10	15	15	13	5	15	18	24	28	26	35	13	22	27	20	20	22	34	41	50	49	67	73	116	79	97	108	94	102	81	100	102	89	128	199	240	575	436	466	1306	478	214	234	121	53	60	22	28	37	20	14	15	28	21	37	33	24	25	20	8	10	14	11	11	12	8	6	0	2	1	1	1	2	2	1	2	1	3	0	1	0	1	0	0	4
4	1	7	3	2	2	5	4	5	1	2	0	8	5	4	2	5	3	1	4	8	4	3	6	7	2	2	2	1	2	3	4	0	0	2	2	1	1	5	4	3	2	6	2	2	4	0	2	2	5	4	6	2	0	1	3	3	2	3	2	3	2	3	4	2	2	3	1	3	0	8	1	3	3	4	6	1	4	1	3	4	3	3	3	5	7	7	1	3	11	5	4	8	7	5	7	6	4	7	13	4	4	1	11	5	6	5	6	2	15	8	9	14	13	10	8	4	17	8	13	7	17	19	21	21	20	24	17	21	9	16	17	37	38	26	47	55	55	75	55	74	80	69	68	63	93	74	87	82	139	186	239	181	147	478	1062	532	309	151	100	61	31	28	37	22	13	19	32	38	33	36	14	15	21	15	15	14	8	10	7	13	3	4	4	4	2	1	0	0	3	1	0	3	0	1	1	1	4	5	3
8	2	5	4	3	3	5	3	3	8	2	4	7	3	3	9	5	6	3	4	6	6	1	10	3	2	1	4	2	9	8	3	3	7	2	2	4	3	2	0	1	0	2	4	1	1	0	0	4	0	4	1	6	2	4	6	3	4	6	3	1	2	6	6	3	9	2	4	4	6	6	7	1	8	1	2	8	4	3	3	6	1	3	5	3	6	4	1	1	6	3	5	2	5	8	9	12	8	10	3	8	6	3	11	0	10	5	7	8	10	12	7	7	17	14	10	7	6	4	9	15	18	20	16	18	11	19	21	22	18	22	23	19	24	34	45	56	56	75	41	39	65	49	42	53	56	69	84	88	120	158	168	166	136	214	532	1372	730	225	99	81	37	49	39	39	20	35	24	31	42	37	24	13	19	18	11	7	10	11	15	8	6	4	1	2	3	0	1	0	5	3	3	3	1	3	1	4	0	6	4
5	3	10	6	5	2	8	5	5	3	5	8	7	4	7	0	7	7	6	4	2	5	6	2	8	4	2	6	4	6	6	3	2	2	7	0	1	4	0	2	1	4	1	3	2	4	2	6	0	3	4	8	5	2	2	4	6	8	3	7	5	4	5	4	5	5	7	9	8	4	7	6	2	2	2	4	2	6	4	9	2	1	7	4	3	5	2	3	5	2	3	6	4	3	7	6	13	8	3	9	7	2	5	2	2	4	3	6	12	10	14	18	19	27	10	16	15	9	10	7	9	11	25	29	22	24	15	27	35	22	18	29	33	50	39	46	62	65	60	47	50	53	54	76	57	59	80	52	91	118	153	248	200	178	234	309	730	2110	664	176	97	42	47	49	47	29	38	36	37	53	65	38	36	29	27	18	20	8	13	18	16	5	5	4	3	2	7	3	1	2	7	2	1	2	3	1	1	7	9	5
5	3	3	6	1	5	4	5	4	2	3	5	5	4	6	8	6	4	5	3	3	5	7	9	3	3	2	0	5	6	2	5	6	3	5	4	3	0	2	3	4	0	2	6	0	2	3	7	4	3	0	0	2	1	1	5	1	6	7	5	3	3	3	2	4	6	0	4	2	0	3	3	6	8	1	1	3	3	2	1	4	2	1	5	6	3	6	0	1	2	10	4	7	11	3	8	8	7	6	6	5	15	3	2	6	5	3	10	4	14	7	8	20	13	11	4	12	11	12	10	16	19	14	14	17	23	20	14	19	20	15	22	22	34	35	34	39	37	51	40	50	55	57	64	39	61	71	66	79	113	127	160	112	104	121	151	225	664	1586	388	169	81	82	75	42	41	42	56	58	88	64	42	24	43	20	20	19	27	20	23	12	12	16	7	8	5	7	4	1	6	1	2	8	1	5	2	3	10	5	3
5	1	0	0	0	0	2	5	3	0	1	0	3	3	2	2	1	0	3	2	2	2	2	5	4	0	3	0	1	0	5	6	4	1	0	1	1	4	4	1	3	0	2	5	2	2	3	0	1	7	0	3	0	1	1	4	1	6	1	2	1	2	1	1	0	0	1	0	2	3	3	3	0	0	2	0	4	2	0	4	1	1	4	3	3	4	2	2	2	4	3	4	3	2	4	5	3	1	0	6	3	4	6	4	6	9	0	3	3	7	10	1	10	6	4	7	10	5	4	4	11	13	7	9	9	12	9	6	2	6	8	6	14	7	21	24	30	23	36	25	40	42	43	47	33	43	48	54	66	66	88	85	45	47	53	100	99	176	388	842	338	112	74	96	65	52	69	61	76	87	48	43	43	48	25	29	32	42	21	22	22	17	14	7	4	2	1	4	4	6	2	2	9	2	6	2	2	7	7	5
1	3	2	2	0	0	2	2	1	5	3	1	0	0	3	1	1	2	0	3	0	4	2	0	5	1	4	4	3	1	0	1	3	2	5	2	1	3	4	0	2	4	2	3	2	2	4	0	1	2	1	5	2	1	0	2	1	0	2	0	0	1	4	2	3	2	0	1	3	3	5	4	2	4	0	3	3	4	0	2	4	3	1	1	5	7	6	1	0	0	2	2	3	4	1	4	3	2	9	2	1	6	2	4	4	3	6	5	4	5	3	4	5	4	6	8	7	15	6	4	6	8	3	11	9	3	6	5	8	5	1	2	11	6	15	9	17	14	27	25	32	35	31	43	32	44	33	28	38	55	67	82	71	44	60	61	81	97	169	338	988	284	160	167	116	85	107	111	147	227	83	38	46	51	32	37	48	23	35	74	64	27	22	11	6	3	12	6	0	7	5	8	12	3	4	4	7	12	18	9
1	3	2	2	1	2	0	0	0	2	1	0	0	0	1	1	3	1	3	1	0	3	1	3	2	2	2	1	2	1	4	0	0	0	1	3	2	2	2	2	1	1	1	2	1	1	2	1	1	2	4	1	1	0	1	4	2	1	1	5	0	0	1	3	2	0	0	2	0	0	3	0	5	6	0	2	1	4	2	5	3	3	2	11	0	1	2	3	1	2	1	3	3	7	4	3	5	7	3	2	2	1	1	2	0	2	1	1	7	10	3	3	2	5	4	9	6	12	5	5	8	4	2	1	7	5	5	7	4	3	3	6	10	5	3	14	14	13	19	14	23	29	26	20	29	22	28	18	28	27	38	44	22	26	22	31	37	42	81	112	284	802	377	219	151	113	105	86	112	141	73	56	41	45	28	38	48	40	35	42	34	16	30	18	5	5	6	4	2	12	5	6	5	4	4	4	8	13	9	7
0	3	2	1	0	3	2	1	1	0	2	3	0	1	3	2	3	0	1	2	5	0	3	4	2	2	4	2	1	1	3	2	2	1	2	3	5	3	2	1	1	2	1	1	1	0	5	6	2	3	1	4	1	1	3	1	0	2	4	2	2	2	1	1	0	1	2	3	0	4	3	1	1	1	1	3	3	4	0	2	2	1	0	5	2	4	4	0	6	2	2	4	8	1	7	1	2	2	1	5	4	3	2	3	4	6	1	3	4	2	5	4	9	3	5	2	9	8	3	4	10	2	4	4	9	6	4	6	7	9	7	8	3	2	6	4	7	9	17	20	26	23	27	22	22	30	27	27	24	45	36	34	16	31	28	28	49	47	82	74	160	377	840	424	187	104	120	117	113	130	51	62	36	47	32	57	36	39	32	42	35	15	21	6	15	6	5	7	9	4	15	8	9	2	10	6	4	7	17	11
3	1	1	3	3	2	0	1	4	0	4	5	5	4	3	2	3	4	0	0	0	3	4	1	2	3	1	1	2	4	6	1	1	2	5	3	2	6	2	2	2	2	7	2	6	5	2	7	4	7	3	2	3	1	1	2	2	1	4	1	0	2	1	2	0	0	2	0	2	5	3	7	1	0	5	2	5	5	4	5	3	1	2	6	1	3	2	3	4	5	4	3	3	5	13	6	7	3	8	6	0	9	5	5	4	7	3	5	5	6	13	1	7	7	5	10	5	16	10	6	7	9	10	7	6	16	9	6	6	4	2	6	9	9	4	7	13	5	27	17	18	32	16	26	23	26	27	35	38	47	48	46	47	29	37	37	39	49	75	96	167	219	424	1280	521	175	152	130	127	114	73	58	37	56	36	44	34	39	36	37	60	26	20	11	6	7	5	7	10	10	7	10	5	5	5	2	3	5	11	4
4	1	0	3	0	4	2	2	0	2	3	5	0	0	2	5	2	2	1	4	3	0	2	3	2	4	1	3	2	3	1	0	0	2	1	0	0	1	3	1	2	2	5	6	4	3	4	2	3	3	3	3	4	2	4	1	0	3	0	3	3	0	3	2	0	2	0	3	4	1	1	5	2	6	0	4	1	1	8	7	4	2	4	7	1	10	3	1	7	2	4	3	2	2	1	3	0	5	6	3	3	2	1	4	4	6	2	2	3	5	7	5	7	6	6	6	9	1	5	3	4	3	10	6	4	4	8	3	3	4	4	7	9	3	2	10	10	10	13	13	31	40	24	36	29	36	25	23	26	25	51	25	14	8	20	22	39	47	42	65	116	151	187	521	994	355	188	146	113	94	58	50	40	51	24	39	26	24	34	40	33	19	24	8	7	16	9	10	7	14	14	11	11	9	5	3	9	11	9	2
5	2	0	1	0	0	0	1	3	4	0	0	0	1	0	0	1	4	0	2	0	2	0	3	1	3	1	0	3	2	0	3	2	2	1	1	2	2	3	2	5	3	2	2	0	2	1	4	0	4	0	3	3	3	2	1	1	2	1	0	2	0	1	0	2	1	1	0	0	0	2	0	2	1	5	4	2	1	2	1	5	0	2	1	3	4	0	1	1	2	2	1	5	5	7	1	5	3	6	1	7	0	7	4	1	0	0	1	5	5	1	1	0	5	6	3	6	2	8	6	7	3	2	3	4	4	6	2	7	2	7	3	2	0	6	6	4	6	10	7	23	8	10	20	24	17	17	14	17	22	21	27	5	9	14	13	20	29	41	52	85	113	104	175	355	636	226	147	97	46	44	45	29	26	11	36	33	31	20	29	33	9	22	12	11	5	10	5	4	5	7	11	4	2	3	5	2	14	7	10
2	1	1	1	1	1	0	0	1	4	1	2	1	1	0	1	3	1	1	2	2	1	1	3	1	4	1	2	1	2	2	2	1	2	3	2	2	0	2	2	6	3	1	0	3	1	2	2	2	0	4	0	1	3	0	4	2	1	2	1	0	8	1	3	2	2	4	0	0	2	5	4	5	5	6	3	3	8	6	3	2	2	5	3	1	2	2	2	6	4	3	2	3	6	5	3	1	1	3	1	4	5	1	11	4	15	1	7	3	1	4	4	3	3	3	2	9	4	3	10	6	5	2	6	7	12	5	5	0	5	2	5	8	2	2	1	7	7	13	17	24	24	17	20	13	36	21	18	20	19	17	18	11	11	15	19	35	38	42	69	107	105	120	152	188	226	994	313	174	106	59	51	35	43	26	35	40	34	37	32	31	10	21	9	8	6	8	14	6	8	7	11	16	1	5	4	4	6	10	10
3	0	0	0	1	5	1	2	5	0	2	0	2	1	2	0	5	1	1	1	0	1	1	3	0	0	0	3	2	1	2	0	2	2	3	5	1	0	1	10	1	2	2	1	2	2	0	4	0	1	0	0	1	3	0	4	3	0	1	0	0	5	0	1	0	1	1	4	0	2	1	4	1	0	4	1	5	2	2	2	1	2	0	5	2	3	5	0	3	1	3	2	0	3	2	2	5	1	3	1	6	0	1	2	0	4	3	5	3	4	3	1	3	3	1	8	9	2	6	5	6	4	5	3	2	6	3	1	2	4	5	1	2	3	8	7	7	9	12	11	12	15	12	24	25	21	18	15	20	16	29	21	8	20	28	32	24	36	56	61	111	86	117	130	146	147	313	748	326	141	74	44	36	45	38	32	40	40	24	30	37	14	19	8	7	13	6	6	6	11	7	10	7	6	10	2	10	6	18	9
0	0	2	3	0	1	0	2	1	0	1	0	0	4	1	1	0	1	2	1	1	2	2	2	4	1	3	1	2	4	1	2	1	2	1	4	4	1	2	2	0	3	3	4	0	6	0	4	3	2	0	2	1	0	0	2	0	5	1	6	2	0	0	5	2	3	0	2	1	4	1	1	5	3	5	6	2	3	3	2	1	4	0	1	1	5	3	2	7	3	4	4	3	0	1	4	4	2	3	4	2	1	5	3	1	6	2	3	5	2	1	4	7	6	4	4	7	13	5	9	6	4	2	4	6	4	4	2	4	3	4	3	8	0	4	7	9	9	11	10	25	16	20	22	17	22	25	13	21	25	26	28	14	18	21	38	31	37	58	76	147	112	113	127	113	97	174	326	1026	374	109	68	50	43	44	36	44	59	24	38	36	19	19	9	11	14	12	10	2	8	13	6	7	4	8	4	4	12	10	10
1	0	5	0	0	0	1	1	3	2	4	3	3	1	1	2	0	2	0	1	2	6	0	0	3	4	2	1	3	1	1	2	2	0	0	5	0	5	1	6	2	2	0	1	3	1	0	3	1	7	0	5	4	1	1	6	5	0	2	0	1	1	1	3	2	2	2	5	3	2	3	0	1	3	3	2	0	1	3	0	3	1	1	1	6	2	2	1	6	3	4	7	2	3	3	0	1	4	3	3	2	5	1	1	0	8	1	3	5	3	8	4	6	4	3	1	3	5	10	3	4	5	5	10	4	3	8	7	4	4	5	10	4	5	12	14	15	8	23	22	9	22	24	16	24	16	17	27	19	30	27	45	26	24	37	33	42	53	88	87	227	141	130	114	94	46	106	141	374	830	268	109	52	84	34	37	53	57	27	54	41	23	22	10	3	3	6	11	5	8	10	12	9	3	8	2	9	9	17	6
3	4	0	1	0	0	1	1	1	1	1	2	4	6	5	3	4	0	1	1	1	1	4	3	1	0	0	1	3	1	3	2	1	0	0	0	2	1	0	3	3	0	3	0	4	0	0	3	4	1	5	3	1	0	2	5	3	0	4	1	2	5	3	0	2	4	2	2	6	1	1	7	3	1	1	1	1	2	0	1	2	0	2	3	2	7	1	2	7	2	2	2	2	2	4	3	7	3	1	1	4	1	1	2	4	3	2	3	2	3	4	1	17	4	6	5	2	1	6	3	1	1	6	5	3	6	5	6	3	10	8	13	9	6	4	8	9	8	10	17	14	17	21	15	7	22	17	11	16	14	33	23	34	25	33	36	37	65	64	48	83	73	51	73	58	44	59	74	109	268	788	198	86	63	40	43	41	43	26	53	33	16	11	7	6	1	13	4	3	6	8	4	7	1	7	0	3	2	8	6
0	1	3	0	2	2	0	2	1	2	0	4	2	2	3	0	1	3	2	4	0	3	1	2	4	2	0	3	1	6	2	3	1	2	4	1	1	3	3	1	0	2	0	1	1	2	3	2	3	3	3	0	1	0	2	2	2	0	3	3	1	2	2	0	3	1	1	1	2	0	2	6	5	3	0	3	0	3	6	3	3	0	2	3	3	4	1	0	3	1	0	1	1	0	4	3	3	6	4	1	2	1	2	6	1	6	1	2	6	2	0	6	2	5	7	0	4	3	9	3	7	2	4	5	0	4	3	3	7	6	5	4	7	6	4	3	6	6	19	13	16	13	16	16	17	12	16	13	9	7	12	22	15	14	24	14	24	38	42	43	38	56	62	58	50	45	51	44	68	109	198	576	186	88	63	67	57	37	24	37	33	18	17	10	10	3	4	8	4	4	6	12	3	1	2	2	7	5	8	5
2	0	0	2	0	1	0	3	0	1	4	0	2	1	2	0	0	0	0	1	0	2	1	1	2	0	3	2	0	1	1	1	2	3	4	3	0	0	1	3	1	2	1	0	0	5	1	1	1	0	5	3	1	0	1	1	3	0	3	1	1	0	1	4	0	1	0	0	4	1	0	2	2	1	2	3	0	1	2	0	1	1	0	2	2	4	5	2	4	2	0	1	2	2	4	0	2	0	1	1	1	2	1	2	1	4	2	1	0	4	3	3	2	1	1	3	1	3	3	5	6	1	7	4	4	0	1	1	1	1	3	7	5	4	8	5	2	3	7	3	10	16	7	4	10	9	7	10	16	12	19	14	9	7	25	15	13	36	24	43	46	41	36	37	40	29	35	36	50	52	86	186	332	225	61	54	61	48	36	61	58	25	19	6	4	5	7	9	1	7	4	8	7	1	3	4	4	3	8	2
2	3	1	1	2	1	4	1	1	1	0	2	5	1	1	3	1	0	2	3	1	3	2	3	0	0	0	2	3	0	2	0	1	1	3	1	5	3	3	1	4	1	2	0	0	1	3	0	2	3	2	2	0	5	1	3	1	1	3	1	0	0	4	0	0	0	1	2	0	1	1	1	2	5	1	9	5	6	6	1	0	0	6	4	2	1	5	1	3	7	3	4	1	4	4	3	1	5	2	4	2	6	1	1	3	1	6	3	3	3	4	0	6	4	3	2	2	2	3	6	0	3	7	7	2	2	6	7	5	6	1	7	4	3	2	3	4	5	9	7	15	5	11	16	7	13	14	5	11	19	11	19	26	18	20	21	19	29	43	48	51	45	47	56	51	26	43	45	43	84	63	88	225	730	204	100	99	69	50	60	63	22	12	13	5	5	4	5	2	8	6	12	10	1	7	3	9	12	8	5
1	4	0	0	1	1	0	2	0	2	1	3	2	0	2	0	0	0	1	0	2	1	2	0	1	1	1	0	3	3	2	1	0	1	2	2	1	0	1	0	1	3	2	2	4	1	1	2	1	0	2	0	0	1	3	1	2	0	1	0	3	0	1	2	0	0	0	1	1	1	3	0	3	0	4	4	1	0	3	1	3	1	4	1	1	4	5	4	0	3	2	1	1	0	3	3	0	0	1	3	1	4	0	3	3	1	1	3	3	0	2	7	2	4	3	1	2	6	1	4	1	4	2	1	4	2	2	1	3	3	1	2	3	3	4	4	4	5	3	5	6	16	4	8	6	5	13	6	7	13	12	18	20	12	8	15	18	27	20	25	32	28	32	36	24	11	26	38	44	34	40	63	61	204	440	156	100	60	42	45	33	16	17	5	10	2	8	7	2	2	4	7	5	3	4	2	4	7	10	6
1	0	0	0	2	1	2	3	2	0	1	0	1	0	1	0	5	1	0	2	0	0	0	1	0	4	0	3	4	0	2	0	0	2	2	2	0	2	2	3	2	1	5	2	0	2	2	3	2	2	2	1	1	0	0	1	3	2	0	1	0	0	0	1	0	0	1	1	0	0	2	2	1	1	2	3	1	3	1	0	0	1	2	3	2	2	2	1	4	0	4	2	3	3	2	3	4	3	2	0	2	0	1	3	0	3	1	5	3	2	3	3	1	3	0	3	2	6	5	2	4	4	2	1	4	2	3	3	5	7	0	0	2	3	1	3	2	3	9	10	9	10	11	13	6	15	9	9	16	13	10	11	14	5	10	15	11	18	20	29	37	38	57	44	39	36	35	32	36	37	43	67	54	100	156	466	233	106	74	53	39	20	30	8	7	2	14	3	4	11	10	9	11	2	6	7	9	10	14	10
1	0	2	0	1	1	2	1	0	1	3	0	0	1	1	1	0	1	0	0	1	0	1	2	2	2	2	5	0	7	0	1	1	1	3	4	3	2	2	1	4	8	1	0	2	2	4	2	3	3	2	0	1	0	0	0	0	4	1	0	0	0	0	1	0	0	1	0	3	2	4	3	2	1	0	2	1	4	1	4	2	3	5	5	2	2	3	2	1	5	0	1	3	1	4	3	2	4	2	1	2	5	0	4	0	3	4	5	3	6	4	2	4	4	5	3	2	3	2	3	2	0	1	3	5	3	2	5	1	1	4	7	4	2	3	3	4	3	12	8	11	12	8	12	16	10	12	9	13	12	11	7	7	4	14	14	7	20	19	32	48	48	36	34	26	33	40	40	44	53	41	57	61	99	100	233	554	193	80	66	53	24	26	22	11	16	4	9	5	3	12	9	13	3	14	2	4	16	7	10
3	1	0	0	0	1	1	0	2	1	0	1	0	2	0	1	2	1	3	0	1	0	5	0	1	2	1	1	1	1	1	0	1	3	5	4	2	2	2	0	1	2	3	0	1	1	2	5	0	3	3	0	0	0	2	5	0	0	0	1	0	3	0	2	0	1	0	0	0	0	0	0	4	2	4	2	1	2	4	3	1	1	1	0	5	2	4	1	2	3	4	3	0	1	1	0	2	4	1	0	3	1	2	2	2	1	0	2	3	0	2	2	2	0	1	3	5	3	5	2	3	4	4	3	3	2	5	3	4	0	5	4	1	1	1	4	6	1	12	8	6	13	11	9	10	7	9	6	10	10	9	18	10	6	11	8	10	8	27	42	23	40	39	39	24	31	34	40	59	57	43	37	48	69	60	106	193	492	201	84	66	29	31	14	12	4	12	5	8	4	5	15	11	0	4	4	6	6	10	9
0	2	0	0	0	2	0	0	0	1	1	2	0	2	3	0	0	0	0	1	1	2	1	0	1	0	0	2	1	0	1	0	2	1	0	3	2	1	1	1	1	2	1	0	0	1	0	1	0	0	3	0	0	1	1	2	4	1	1	0	1	1	1	1	0	1	3	1	1	1	0	0	2	1	4	3	3	1	0	1	2	2	1	1	1	3	4	0	0	2	1	0	2	0	4	2	1	2	2	1	1	0	5	5	0	0	1	1	2	5	2	3	1	4	4	2	2	1	7	3	2	4	3	1	1	6	1	1	1	0	1	3	0	1	1	1	0	8	5	8	6	14	5	13	7	7	6	2	10	14	10	10	5	7	11	10	11	13	20	21	35	35	32	36	34	20	37	24	24	27	26	24	36	50	42	74	80	201	384	142	60	27	31	3	10	4	4	3	8	5	7	10	5	2	6	6	6	9	6	6
1	1	1	1	0	0	2	0	0	0	0	0	0	3	3	0	4	0	1	1	0	1	0	0	2	1	2	1	1	1	2	1	0	2	2	1	4	0	0	0	1	1	2	0	1	3	0	3	1	0	1	3	0	2	0	0	0	0	3	1	0	2	1	0	1	0	1	0	0	3	2	3	0	0	2	1	2	2	3	1	0	1	3	5	1	1	1	1	4	0	2	3	1	2	2	4	2	1	2	1	2	0	5	1	1	1	0	1	4	7	1	1	2	1	5	7	2	3	1	0	4	2	2	1	0	3	2	2	0	3	1	1	6	2	0	1	4	3	6	4	12	8	8	15	4	5	11	5	13	6	13	13	12	8	12	7	15	18	23	22	74	42	42	37	40	29	32	30	38	54	53	37	61	60	45	53	66	84	142	352	135	31	18	19	10	8	11	5	13	10	9	8	12	5	8	8	9	6	8	9
1	1	1	0	0	0	0	4	0	0	0	2	0	0	2	1	0	0	1	1	2	0	0	1	0	1	2	0	0	0	0	0	0	0	0	1	1	0	2	0	4	1	0	0	0	1	0	1	1	3	2	1	0	0	0	2	0	3	2	1	0	2	1	1	0	1	1	0	1	0	1	2	2	1	2	1	1	3	2	3	2	1	0	1	0	1	3	2	0	0	0	1	0	0	1	1	2	2	1	5	0	4	2	2	7	2	1	0	3	1	1	1	3	0	0	4	5	5	1	2	2	1	0	1	3	1	1	0	1	0	1	0	0	0	2	2	4	1	4	5	3	6	4	15	4	3	6	9	8	14	12	23	10	2	8	13	8	16	12	22	64	34	35	60	33	33	31	37	36	41	33	33	58	63	33	39	53	66	60	135	372	81	41	26	21	19	14	11	11	7	9	8	12	3	11	2	9	11	10	15
1	0	0	0	0	0	0	1	0	1	0	0	0	1	2	0	0	1	0	1	0	2	0	0	0	0	0	0	1	0	0	1	0	0	0	1	2	0	1	1	0	0	2	2	1	0	2	0	0	1	0	0	1	0	0	1	0	0	0	1	5	0	0	0	1	0	0	0	0	0	0	0	0	0	1	1	0	0	2	0	2	2	0	3	2	0	2	0	2	1	1	0	0	0	1	0	0	0	0	1	2	0	2	1	3	0	0	0	3	2	3	0	1	0	1	3	0	0	0	1	2	1	0	2	3	5	2	2	2	1	1	1	1	3	2	0	1	0	5	5	2	8	5	9	4	5	5	2	3	4	4	4	2	3	6	3	6	5	12	17	27	16	15	26	19	9	10	14	19	23	16	18	25	22	16	20	24	29	27	31	81	160	97	13	15	14	21	7	3	4	9	8	5	1	8	7	7	10	7	8
0	0	0	0	0	0	1	1	1	0	1	0	1	0	0	0	1	0	0	0	0	0	0	0	2	1	0	1	2	1	0	0	0	0	1	2	2	5	2	0	1	1	3	3	2	0	2	0	1	0	0	2	2	1	1	0	0	0	0	2	0	1	0	1	0	1	0	1	0	0	0	2	3	1	0	0	1	0	0	0	2	1	0	1	0	0	1	1	1	2	0	1	1	3	1	4	0	2	3	0	1	2	0	4	0	3	1	0	1	2	1	2	1	1	2	2	1	1	1	2	1	0	3	2	2	0	3	0	0	0	2	1	1	1	3	0	4	3	3	2	2	9	2	0	3	1	4	4	7	2	10	9	5	5	0	4	4	5	16	14	22	30	21	20	24	22	21	19	19	22	11	17	19	12	17	30	26	31	31	18	41	97	242	49	28	32	17	11	8	17	13	16	23	3	14	7	13	19	11	10
0	0	0	0	0	0	0	0	0	0	1	0	1	1	2	0	3	1	0	0	0	1	0	0	0	1	0	0	0	3	4	0	0	0	3	2	1	0	0	2	1	2	1	0	1	1	1	1	0	0	0	1	2	1	0	0	1	1	0	0	0	2	0	0	1	1	0	1	2	0	0	0	0	1	1	2	0	0	2	1	0	2	1	1	0	1	1	0	4	1	0	2	0	1	0	0	1	0	1	0	1	1	1	2	1	1	0	0	2	0	1	3	1	0	2	0	0	0	5	2	2	0	0	2	0	0	2	2	1	0	1	1	2	1	3	0	3	2	2	4	1	1	1	2	3	0	3	4	3	1	4	2	1	1	2	4	1	4	7	7	11	18	6	11	8	12	9	8	9	10	7	10	6	13	5	8	22	14	3	19	26	13	49	166	50	27	27	14	8	16	13	12	15	4	11	5	10	16	17	14
0	0	0	0	0	1	0	1	0	0	0	0	0	1	0	0	1	0	0	0	0	0	0	1	1	1	0	4	0	0	0	1	0	1	1	0	0	1	3	0	1	2	0	0	0	0	0	0	0	0	0	0	0	0	0	0	2	0	0	0	0	0	0	1	1	0	0	5	1	2	1	0	0	2	2	0	1	0	0	0	1	0	1	3	2	0	2	0	1	0	0	1	0	0	2	0	0	0	1	0	4	0	0	0	1	1	0	0	2	0	0	0	0	0	0	0	0	1	0	0	2	2	0	1	0	2	0	0	0	0	1	0	0	0	0	0	0	0	2	0	1	3	2	3	1	2	2	3	1	1	3	0	0	2	1	4	2	3	8	4	6	5	15	6	7	11	8	7	11	3	6	10	4	5	10	7	11	12	10	10	21	15	28	50	166	53	32	13	11	14	19	12	9	6	15	6	12	16	12	7
0	0	1	0	0	1	0	3	0	0	1	0	0	0	0	0	0	0	1	0	0	0	0	0	0	1	0	0	0	1	0	2	1	0	2	1	0	0	0	2	3	1	0	0	0	0	0	0	2	0	1	2	3	0	0	1	3	2	0	0	0	0	0	0	2	0	0	2	0	1	0	0	0	0	0	2	0	0	0	0	1	0	1	0	2	1	0	0	3	1	0	0	1	0	0	0	0	0	0	2	0	0	0	2	0	1	1	0	2	0	3	1	1	0	3	1	0	1	0	1	1	3	0	0	4	1	0	1	0	0	0	0	3	0	0	2	1	1	2	5	1	1	1	2	2	2	2	2	0	0	3	0	0	4	1	2	3	2	5	2	3	5	6	7	16	5	6	13	14	3	1	3	5	5	2	2	16	4	4	8	19	14	32	27	53	166	94	26	21	31	31	27	15	10	18	12	7	17	12	15
1	0	0	0	1	0	0	1	0	0	1	0	3	1	0	1	0	1	0	0	0	0	0	0	0	1	1	0	1	2	0	0	0	1	2	2	0	2	0	0	0	0	1	0	0	0	1	0	0	1	1	0	1	0	0	0	1	0	0	0	1	2	1	0	0	1	0	0	0	1	1	1	0	0	4	1	1	2	1	0	0	1	1	3	0	0	0	0	1	1	1	2	1	1	1	0	0	0	1	0	1	2	0	0	0	0	0	0	4	2	0	1	0	0	0	1	2	1	4	2	1	1	0	3	0	0	0	0	1	0	0	1	2	0	3	3	1	0	1	4	4	0	1	2	1	5	2	1	2	0	1	1	1	4	1	1	0	7	7	1	12	6	5	5	9	10	8	6	12	6	13	4	7	4	8	14	4	12	4	11	14	21	17	27	32	94	218	61	19	35	22	25	23	15	17	10	10	13	23	14
0	0	0	0	1	0	0	0	0	1	0	0	3	0	1	0	0	0	0	0	0	0	0	1	0	0	0	1	0	0	0	0	0	1	1	1	0	0	0	0	1	1	1	0	2	0	0	1	0	1	2	0	1	2	0	0	0	1	0	1	1	1	0	0	0	2	0	1	1	0	1	0	0	1	2	1	2	0	0	0	1	0	0	1	0	1	0	1	1	1	1	0	0	0	0	0	0	0	0	0	1	0	0	0	0	0	0	0	1	1	0	1	1	0	0	2	1	0	1	0	2	0	0	0	1	0	0	1	0	1	0	0	1	0	0	0	0	1	1	2	0	5	2	3	5	2	0	3	1	0	3	1	2	0	2	0	1	3	4	4	6	4	7	7	10	5	14	6	10	11	4	8	9	5	7	3	9	5	3	5	11	7	11	14	13	26	61	154	49	41	35	26	21	11	20	11	8	18	18	11
0	0	0	0	0	0	0	0	0	1	0	0	0	0	0	0	0	1	0	1	1	0	0	0	0	0	0	0	0	2	0	0	0	0	0	0	1	0	0	0	0	1	0	0	0	0	1	0	1	0	0	0	1	1	0	0	0	0	0	0	0	0	0	0	0	0	0	0	0	0	1	0	0	0	0	0	1	1	0	0	0	0	1	0	2	1	1	0	0	0	1	0	0	0	1	0	0	1	0	2	1	0	1	2	1	0	0	0	0	0	1	1	0	0	0	0	1	3	0	0	0	0	1	1	0	0	0	2	0	0	1	0	0	1	2	0	0	0	0	2	1	3	0	3	2	3	0	1	1	2	2	4	3	2	2	0	0	1	1	4	0	2	9	10	7	4	6	6	2	5	3	4	1	2	2	4	5	8	8	13	11	3	8	8	11	21	19	49	138	73	32	30	35	10	20	5	11	16	22	9
0	2	0	0	0	0	0	0	0	0	0	2	2	0	0	1	1	2	0	0	1	1	0	0	1	1	1	0	1	0	1	0	0	1	0	1	0	1	0	2	0	3	2	2	0	1	2	0	0	0	0	1	0	0	1	0	0	0	1	0	0	0	0	0	1	0	0	0	0	0	0	0	0	0	0	0	0	0	0	4	0	1	1	1	1	3	0	0	0	2	0	2	0	0	0	0	1	2	2	0	1	1	0	3	0	1	1	0	0	1	1	0	0	0	1	3	2	1	1	2	1	0	2	1	0	2	0	0	1	0	1	1	1	0	0	0	0	1	2	2	3	6	2	4	5	1	1	4	2	2	2	2	1	1	1	3	5	2	6	6	7	12	4	10	14	5	8	11	8	8	6	4	7	8	2	11	3	4	5	10	7	4	17	16	14	31	35	41	73	354	128	73	42	21	33	14	20	25	29	23
0	0	0	0	0	0	0	1	6	0	0	0	0	0	0	2	0	0	0	0	1	0	0	1	1	0	2	0	2	0	0	0	0	0	0	0	3	0	1	0	1	0	0	1	0	2	0	0	1	0	0	2	1	0	0	0	1	1	1	0	1	0	2	0	1	0	0	0	0	0	0	0	0	2	0	2	0	2	0	0	0	0	0	0	0	2	1	0	3	1	1	3	1	0	0	1	0	0	0	0	2	1	0	0	0	0	2	0	0	1	1	0	0	1	1	2	3	0	3	1	1	1	0	0	1	0	1	0	2	1	1	2	1	0	0	0	1	1	3	7	1	4	0	6	0	3	3	3	1	2	1	4	1	0	2	1	3	7	1	2	5	5	15	7	14	7	7	7	13	10	8	6	4	6	4	10	12	5	7	9	9	9	13	13	19	31	22	35	32	128	306	155	73	27	30	10	26	35	24	25
0	0	0	0	0	1	3	0	1	1	0	0	0	1	0	0	0	0	0	1	0	1	1	2	3	2	1	2	1	1	1	0	1	0	0	1	2	0	1	2	0	2	1	0	0	1	1	2	0	1	0	0	1	0	0	0	1	1	0	0	1	0	0	0	0	0	0	0	1	0	2	0	0	0	0	1	2	0	1	1	1	0	3	2	0	0	1	1	1	0	1	2	2	0	1	1	0	0	0	0	0	0	0	0	0	1	1	0	2	4	1	0	1	0	1	2	0	1	1	0	2	1	0	1	2	1	1	0	0	2	4	3	0	0	2	1	1	0	3	1	3	2	0	1	2	1	3	1	2	3	3	4	0	3	1	0	3	2	2	2	8	6	8	10	11	11	11	10	6	12	4	12	8	12	7	9	9	15	10	8	8	8	16	12	12	27	25	26	30	73	155	398	181	37	56	20	40	25	27	37
0	0	0	0	0	0	0	0	1	0	1	1	3	0	0	0	1	0	1	0	2	0	0	0	0	1	2	2	0	0	0	1	2	0	0	3	2	3	0	0	1	2	2	2	1	0	1	0	1	1	0	0	0	0	0	1	2	1	0	0	2	0	2	1	0	0	0	0	0	1	0	1	1	0	4	1	1	0	1	5	0	1	0	0	0	2	1	0	1	2	0	0	0	0	1	0	0	1	0	0	0	1	1	0	0	1	0	0	0	0	0	1	3	3	0	3	0	2	2	1	2	0	0	0	0	0	2	0	2	0	1	1	0	1	0	3	3	1	5	0	1	7	3	3	3	2	0	1	4	0	12	3	4	2	3	3	3	1	8	9	12	5	9	5	11	4	16	7	7	9	7	3	7	10	5	11	13	11	5	12	12	5	23	15	9	15	23	21	35	42	73	181	552	87	77	31	32	48	32	42
0	0	0	0	0	0	0	0	0	0	0	0	0	0	0	0	0	1	0	0	1	0	0	0	0	0	0	0	0	0	0	0	0	2	0	0	0	0	0	4	1	0	0	1	0	0	1	0	0	0	0	0	0	0	0	0	0	0	0	0	0	0	0	1	0	0	0	1	0	1	2	2	0	0	1	0	1	0	0	0	0	0	0	1	1	6	0	0	2	0	0	0	0	1	1	0	0	0	1	1	2	0	0	1	0	0	0	0	2	1	1	0	0	0	1	0	0	0	0	0	3	2	2	0	0	0	0	2	0	1	0	4	1	0	0	0	0	0	1	0	1	0	4	1	0	1	1	1	0	1	4	3	2	3	0	0	1	2	1	2	3	4	2	5	9	2	1	6	4	3	1	1	1	1	3	2	3	0	2	5	3	1	3	4	6	10	15	11	10	21	27	37	87	108	70	24	14	21	18	10
0	0	0	1	0	3	1	0	0	0	0	0	0	0	0	0	0	2	0	0	0	3	1	0	0	1	1	1	1	0	0	1	1	0	2	0	0	0	1	0	0	2	1	0	0	1	0	0	3	0	0	0	0	0	0	1	0	0	1	1	2	2	2	1	0	0	0	0	0	0	1	1	0	2	0	2	0	0	1	1	1	0	2	0	0	0	4	0	0	0	1	2	0	1	0	2	0	0	3	0	1	0	1	0	0	3	0	1	1	0	0	1	0	1	0	1	1	0	1	0	0	2	0	0	1	0	0	0	1	0	0	0	1	0	1	0	1	0	2	0	4	1	7	4	1	4	0	2	0	2	1	2	2	0	1	1	3	3	5	6	4	4	10	5	5	3	5	10	8	8	7	2	3	7	4	6	14	4	6	8	11	8	14	11	15	18	17	20	20	33	30	56	77	70	254	63	47	53	37	32
0	0	0	0	0	0	0	0	0	0	1	0	1	0	0	0	0	0	0	0	0	0	0	2	0	0	0	1	0	0	0	2	0	0	0	0	0	0	0	0	0	1	0	0	2	0	0	1	0	1	0	0	0	1	0	0	0	0	0	1	0	0	0	0	0	0	0	0	0	0	0	0	0	0	0	2	1	0	0	0	1	1	0	2	1	2	0	0	0	1	0	0	0	1	0	0	3	0	0	0	0	0	2	1	0	0	0	0	0	0	0	0	0	0	1	0	0	0	1	0	0	0	0	1	0	3	0	0	0	0	0	0	0	0	0	0	0	2	1	2	1	0	1	2	1	2	0	0	4	2	1	1	0	3	0	1	1	1	2	2	4	4	6	2	3	5	4	2	4	2	0	2	4	3	2	7	2	4	6	8	2	7	7	5	6	12	10	11	5	14	10	20	31	24	63	110	44	37	28	27
2	0	0	0	0	0	0	0	0	0	0	0	0	0	0	2	2	0	0	0	1	0	2	0	1	1	1	0	1	0	0	0	1	1	0	0	0	1	0	0	0	2	0	1	0	0	1	1	1	0	0	0	0	0	0	0	0	0	0	0	0	2	0	0	1	1	0	0	0	1	0	0	0	1	0	0	2	0	0	0	0	3	0	0	1	2	0	1	3	0	0	0	2	0	0	1	1	2	0	0	3	1	0	1	0	2	0	2	0	0	1	0	0	0	0	1	0	0	2	3	0	1	0	2	1	3	0	0	1	0	1	0	0	0	0	1	2	0	4	2	1	1	1	1	4	2	1	0	3	4	3	0	1	0	1	1	4	1	3	2	7	8	4	3	9	2	4	10	4	9	3	7	4	9	4	9	4	6	6	9	9	7	13	10	12	7	10	8	11	20	26	40	32	14	47	44	284	155	88	63
0	0	0	0	2	0	0	0	0	0	0	0	0	0	1	0	0	0	1	0	1	0	1	0	0	1	1	1	0	3	0	0	0	3	1	2	2	0	0	0	1	1	2	2	1	0	0	0	1	1	3	1	2	0	0	1	1	1	0	0	0	0	0	0	0	0	0	1	0	3	0	0	0	0	0	3	0	0	4	3	1	0	0	0	0	1	2	0	0	1	1	2	0	0	1	0	2	0	1	1	4	2	0	4	0	3	1	0	2	2	0	0	1	1	0	0	0	3	0	1	0	0	2	2	2	0	0	1	1	0	2	2	1	4	1	1	0	2	2	3	1	0	2	4	5	2	3	7	0	3	3	4	0	1	0	4	0	7	10	7	12	13	7	5	11	14	6	6	12	9	2	5	3	12	7	10	16	6	9	6	11	10	19	16	16	17	13	18	16	25	35	25	48	21	53	37	155	532	228	96
2	0	2	1	0	0	1	1	0	0	1	1	2	2	4	2	0	0	0	0	0	0	0	0	0	0	1	0	0	0	1	0	1	3	1	1	0	2	2	0	1	2	1	3	3	1	0	0	0	0	1	0	1	0	0	2	0	2	3	0	0	0	3	0	0	0	0	0	0	0	1	0	1	1	2	0	0	0	0	1	1	1	0	0	0	1	1	0	0	4	1	0	1	2	0	2	1	3	1	2	2	2	0	1	0	1	0	1	1	2	0	0	0	2	2	1	1	0	2	0	5	1	3	3	0	1	0	0	0	0	0	0	1	1	0	2	1	5	0	7	2	8	6	2	3	9	2	2	4	5	9	2	5	4	0	5	6	9	5	7	18	9	17	11	9	7	10	18	10	17	8	8	8	8	10	14	7	10	6	8	10	7	11	17	12	12	23	18	22	29	24	27	32	18	37	28	88	228	786	238
2	0	0	0	0	0	0	0	0	0	2	1	0	0	1	2	0	0	1	0	0	1	1	1	0	0	0	1	0	1	0	1	0	1	0	0	0	2	0	0	0	1	1	3	2	0	1	1	0	1	1	0	2	0	1	0	3	0	3	0	1	0	0	0	1	2	0	0	0	0	1	0	1	1	0	2	2	1	0	0	0	1	0	2	0	0	0	0	0	1	1	0	2	1	0	1	1	1	0	0	3	1	0	0	0	2	0	2	1	0	0	0	2	0	1	0	2	3	1	3	0	0	1	1	0	2	2	1	0	0	1	3	1	1	0	0	2	0	3	2	1	3	1	3	3	4	1	6	3	2	6	5	1	3	4	3	4	5	3	5	9	7	11	4	2	10	10	9	10	6	6	5	2	5	6	10	10	9	6	9	15	8	10	14	7	15	14	11	9	23	25	37	42	10	32	27	63	96	238	544
